SAMPLEID,SEX,AGE,AGEID,PREFECTURE,AREA,MARRIED,CHILD,HINCOME,PINCOME,JOB,CELL,CELLNAME,SQ1_1,SQ1_2,SQ1_3,SQ1_4,SQ1_5,SQ1_6,SQ1_7,SQ1_8,SQ1_9,SQ1_10,SQ1_11,SQ1_12,SQ1_13,SQ1_14,SQ1_15,SQ1_16,SQ1_17,SQ1_18,SQ1_19,SQ1_20,SQ1_21,SQ1_22,SQ1_23,SQ1_24,SQ1_25,SQ1_26,SQ1_27,SQ1_28,SQ1_29,SQ1_30,SQ1_31,SQ1_32,SQ1_33,SQ2,SQ2_14FA,SQ3S1,SQ3S2,SQ3S3,SQ3S4,SQ3S5,SQ3S6,SQ3S7,SQ3S8,SQ3S9,SQ3S10,SQ3S11,SQ3S12,SQ3S13,SQ3S14,SQ3S15,SQ3S16,SQ3S17,SQ3S18,SQ3S19,SQ3S20,SQ3S21,SQ3S22,SQ3S23,SQ3S24,SQ3S25,SQ3S26,SQ3S27,SQ3S28,SQ3S29,SQ4S1,SQ4S2,SQ4S3,SQ4S4,SQ4S5,SQ4S6,SQ4S7,SQ4S8,SQ4S9,SQ4S10,SQ4S11,SQ4S12,SQ5S1FA,SQ5S2FA,SQ5S3FA,SQ5S4FA,SQ5S5FA,SQ5S6FA,SQ5S7FA,SQ5S8FA,SQ5S9FA,SQ5S10FA,Q4S1,Q4S2,Q4S3,Q4S4,Q4S5,Q4S6,Q4S7,Q4S8,Q4S9,Q6S6,Q6S7,Score1,Score2,Score3,Score4,Score5,Score6,Score7,Score8,Score9,Score10,Score11,Score12,Score13,Score14,Score15,Score16,Score17,Score18,Score19,FLG
1,1,43,7,13,3,1,1,4,4,4,1,High,0,0,0,0,0,0,0,0,0,0,0,0,0,0,0,0,0,0,0,0,0,0,0,0,0,0,0,0,1,0,0,0,0,3,,1,1,1,3,3,2,3,3,3,3,3,3,3,2,3,3,2,2,2,2,2,2,2,2,2,2,2,2,2,2,2,2,2,2,2,,2,2,2,2,2,,,,,,,,,,,2,2,2,2,2,,2,2,2,2,2,3,8,9,9,15,22,1,2,2,2,2,2,1,3,2,2,2,3,11,1
2,1,35,6,13,3,2,2,5,3,3,3,Low,0,0,0,0,0,0,0,0,0,0,0,0,0,0,0,0,0,0,0,0,0,0,0,0,0,0,0,0,0,0,0,0,1,3,,2,2,2,1,1,1,1,1,1,1,1,1,1,1,1,1,1,1,1,1,1,1,1,2,1,1,1,1,1,2,2,2,2,2,2,,2,2,2,2,2,,,,,,,,,,,2,2,2,2,2,,2,2,2,2,2,6,3,3,3,6,12,3,5,5,5,5,4,3,5,5,5,5,5,27,1
3,1,47,8,14,3,2,2,8,7,2,1,High,0,1,0,0,0,0,0,0,0,0,0,0,0,0,0,0,0,0,0,0,0,0,0,0,0,0,0,0,0,0,0,0,0,1,,2,2,2,2,2,2,3,4,2,3,3,4,4,4,4,4,4,4,4,4,4,4,3,4,4,4,3,3,4,2,2,2,2,2,2,,2,2,2,2,2,,,,,,,,,,,2,2,2,2,2,,2,2,2,2,2,6,6,9,10,24,41,3,3,2,1,1,1,3,3,2,2,1,1,11,1
4,1,47,8,13,3,1,1,2,2,6,1,High,0,0,0,0,0,0,0,0,0,0,0,0,0,0,0,0,0,0,0,0,0,0,0,0,0,0,0,0,0,0,1,0,0,8,,1,1,1,3,3,3,4,2,3,2,4,3,4,4,3,4,4,3,1,3,1,3,4,4,1,2,1,3,4,2,2,2,2,2,2,,2,2,2,2,2,,,,,,,,,,,2,2,2,2,2,,2,2,2,2,2,3,9,9,9,22,27,1,2,2,2,1,1,1,2,2,2,1,2,9,1
6,1,44,7,12,3,1,1,4,3,5,3,Low,0,0,0,0,0,0,0,0,0,0,0,0,0,0,0,0,0,0,0,0,0,0,0,0,0,1,0,0,0,0,0,0,0,3,,2,3,3,1,1,1,1,1,2,1,1,1,1,1,1,1,1,1,1,1,2,1,1,2,1,1,1,1,1,2,2,2,2,2,2,,2,2,2,2,2,,,,,,,,,,,2,2,2,2,2,,2,2,2,2,2,8,3,4,3,6,13,4,5,4,5,5,4,4,5,4,5,5,5,27,1
7,1,36,6,13,3,2,2,4,4,3,3,Low,0,0,0,0,0,0,0,0,0,0,1,0,0,0,0,0,0,0,0,0,0,0,0,0,0,0,0,0,0,0,0,0,0,3,,3,4,3,1,1,1,1,1,1,1,1,1,1,1,1,1,1,1,2,2,1,1,1,1,2,2,2,2,1,2,2,2,2,2,2,,2,2,2,2,2,,,,,,,,,,,2,2,2,2,2,,2,2,2,2,2,10,3,3,3,6,17,5,5,5,5,5,3,5,5,5,5,5,4,28,1
8,1,36,6,13,3,2,2,4,4,3,1,High,0,0,0,0,0,0,0,0,1,0,0,0,0,0,0,0,0,0,0,0,0,0,0,0,0,0,0,0,0,0,0,0,0,3,,2,2,2,4,4,4,4,4,4,2,4,4,4,4,4,4,4,4,1,2,4,4,4,4,1,2,1,1,2,2,2,2,2,2,2,,2,2,2,2,2,,,,,,,,,,,2,2,2,2,2,,2,2,2,2,2,6,12,12,10,24,26,3,1,1,1,1,2,3,1,1,2,1,2,9,1
9,1,30,5,13,3,1,1,3,3,4,1,High,0,0,0,0,0,0,0,0,0,0,0,0,1,0,0,0,0,0,0,0,0,0,0,0,0,0,0,0,0,0,0,0,0,3,,1,1,1,4,4,3,4,4,4,3,3,3,3,4,3,3,2,1,1,1,3,3,1,4,1,2,1,1,1,2,2,2,2,2,2,,2,2,2,2,2,,,,,,,,,,,2,2,2,2,2,,2,2,2,2,2,3,11,12,9,16,19,1,1,1,2,2,3,1,1,1,2,2,3,10,1
10,1,61,11,12,3,2,2,5,5,4,3,Low,0,0,0,0,0,0,0,0,1,0,0,0,0,0,0,0,0,0,0,0,0,0,0,0,0,0,0,0,0,0,1,1,0,3,,3,3,3,1,1,1,1,1,1,2,1,1,1,1,1,1,1,1,1,1,1,1,1,2,1,1,1,1,1,2,2,2,2,2,2,,2,2,2,2,2,,,,,,,,,,,2,2,2,2,2,,2,2,2,2,2,9,3,3,4,6,12,4,5,5,4,5,4,4,5,5,4,5,5,27,1
11,1,45,8,14,3,2,1,3,2,4,1,High,0,0,0,0,0,0,0,0,0,0,0,0,0,0,0,0,0,0,0,0,0,0,0,0,0,0,0,0,0,0,0,0,1,3,,2,2,2,4,4,4,4,4,4,2,4,4,4,4,4,4,4,2,1,2,1,1,4,1,1,1,1,1,4,2,2,2,2,2,2,,2,2,2,2,2,,,,,,,,,,,2,2,2,2,2,,2,2,2,2,2,6,12,12,10,22,18,3,1,1,1,1,3,3,1,1,2,1,3,10,1
12,1,64,11,11,3,2,2,4,4,4,2,Middle,0,0,0,0,0,0,0,0,0,0,0,0,0,0,0,0,0,0,0,0,0,1,0,0,0,0,0,0,0,0,0,0,0,10,,3,3,3,2,2,2,2,2,2,2,2,2,2,1,2,2,1,1,1,1,1,1,1,3,3,1,1,1,2,2,2,2,2,2,2,,2,2,2,2,2,,,,,,,,,,,2,2,2,2,2,,2,2,2,1,2,9,6,6,6,9,16,4,3,3,3,3,3,4,3,3,3,3,4,19,1
13,1,60,11,13,3,2,2,9,8,2,2,Middle,0,0,0,0,0,0,0,0,0,0,0,0,0,0,0,0,0,0,0,0,0,0,0,0,0,1,0,0,0,0,0,0,0,1,,2,2,2,2,2,2,1,1,2,1,2,1,2,1,1,1,1,1,1,1,2,2,2,2,1,2,1,2,2,2,2,2,2,2,2,,2,2,2,2,2,,,,,,,,,,,2,2,2,2,2,,2,2,2,2,2,6,6,4,4,7,18,3,3,4,4,4,3,3,3,4,4,4,3,21,1
14,1,60,11,14,3,2,2,5,5,6,3,Low,0,0,0,0,0,0,0,0,0,0,0,0,0,0,0,0,0,0,0,0,0,0,0,0,0,0,0,0,0,0,0,0,1,8,,3,3,3,1,1,1,1,1,1,1,1,1,1,1,1,1,1,1,1,1,1,1,1,1,1,1,1,1,1,2,2,2,2,2,2,,2,2,2,2,2,,,,,,,,,,,2,2,2,2,2,,2,2,2,2,2,9,3,3,3,6,11,4,5,5,5,5,5,4,5,5,5,5,5,29,1
15,1,54,9,13,3,1,1,5,5,2,3,Low,0,0,0,0,0,0,0,0,0,0,0,0,0,0,0,0,0,0,0,0,0,0,0,0,0,0,1,0,0,0,0,0,0,1,,3,4,4,2,2,2,1,1,1,1,1,1,1,1,1,1,1,1,1,1,1,1,1,1,1,1,1,1,1,2,2,2,2,2,2,,2,2,2,2,2,,,,,,,,,,,2,2,2,2,2,,2,2,2,2,2,11,6,3,3,6,11,5,3,5,5,5,5,5,3,5,5,5,5,28,1
16,1,61,11,13,3,2,2,7,7,5,2,Middle,0,0,0,0,0,0,0,0,0,0,0,0,0,0,0,0,0,0,0,0,0,0,0,0,0,0,0,0,0,0,0,0,1,3,,3,3,3,3,2,2,1,1,2,2,2,2,1,2,2,2,1,2,1,1,1,1,1,3,1,2,1,1,1,2,2,2,2,2,2,,2,2,2,2,2,,,,,,,,,,,2,2,2,2,2,,2,2,2,2,2,9,7,4,6,10,14,4,3,4,3,3,4,4,3,4,3,3,4,21,1
17,1,65,11,11,3,1,1,,,6,2,Middle,0,0,0,0,0,0,0,0,0,0,0,0,0,0,0,0,0,0,0,0,0,0,0,0,0,0,0,0,0,0,0,0,1,9,,1,1,1,2,2,2,2,1,2,2,2,2,2,1,2,2,1,2,1,1,2,2,2,2,1,1,1,1,1,2,2,2,2,2,2,,2,2,2,2,2,,,,,,,,,,,2,2,2,2,2,,2,2,2,2,2,3,6,5,6,10,15,1,3,3,3,3,4,1,3,3,3,3,4,17,1
18,1,50,9,13,3,2,2,5,5,3,3,Low,0,0,0,0,0,0,0,0,0,0,0,0,0,0,0,0,0,0,0,0,0,0,0,0,0,1,0,0,0,0,0,0,0,3,,3,3,3,1,1,1,1,1,1,1,1,1,1,1,1,1,1,1,1,1,1,1,1,1,1,1,1,1,1,2,2,2,2,2,2,,2,2,2,2,2,,,,,,,,,,,2,2,2,2,2,,2,2,2,2,2,9,3,3,3,6,11,4,5,5,5,5,5,4,5,5,5,5,5,29,1
19,1,58,10,11,3,1,1,4,4,3,3,Low,0,0,0,0,0,0,0,0,0,0,0,0,0,0,0,0,0,0,0,0,0,0,0,0,0,0,0,0,0,0,0,0,1,3,,2,1,2,1,1,1,1,1,1,1,1,1,1,1,1,1,1,1,1,1,1,1,1,2,1,1,1,1,1,2,2,2,2,2,2,,2,2,2,2,2,,,,,,,,,,,2,2,2,2,2,,2,2,2,2,2,5,3,3,3,6,12,2,5,5,5,5,4,2,5,5,5,5,5,26,1
20,1,61,11,13,3,1,2,5,5,3,2,Middle,0,0,0,0,0,0,0,0,1,0,0,0,0,0,0,0,0,0,0,0,0,0,0,0,0,0,0,0,0,0,0,0,0,3,,2,2,2,2,2,2,2,2,2,2,2,2,2,2,2,2,2,2,2,2,2,2,2,2,2,3,2,2,2,2,2,2,2,2,2,,2,2,2,2,2,,,,,,,,,,,2,2,2,2,2,,2,2,2,2,2,6,6,6,6,12,23,3,3,3,3,3,2,3,3,3,3,3,3,17,1
21,1,28,4,13,3,1,1,2,2,4,2,Middle,0,0,0,0,0,0,0,0,0,0,0,0,0,0,0,0,0,0,0,0,0,0,0,0,0,0,0,0,1,0,0,0,0,3,,2,2,2,2,1,2,2,2,2,2,2,2,2,3,2,2,2,2,2,1,2,2,1,2,2,2,2,2,2,2,2,2,2,2,2,,2,2,2,2,2,,,,,,,,,,,2,2,2,2,2,,2,2,2,2,2,6,5,6,6,13,20,3,4,3,3,2,3,3,4,3,3,2,3,18,1
22,1,44,7,13,3,1,1,2,2,5,3,Low,0,0,0,0,0,0,0,0,0,0,0,0,0,0,0,0,0,0,0,0,0,0,0,0,0,0,1,0,0,0,0,0,0,6,,2,2,2,1,1,1,1,1,1,1,1,1,1,1,1,2,1,1,1,1,1,1,1,1,1,1,1,2,1,2,2,2,2,2,2,,2,2,2,2,2,,,,,,,,,,,2,2,2,2,2,,2,2,2,2,2,6,3,3,3,7,12,3,5,5,5,4,4,3,5,5,5,4,5,26,1
23,1,52,9,13,3,2,2,8,7,3,3,Low,0,0,0,0,0,0,0,0,0,0,0,0,0,0,0,0,0,0,0,0,0,0,0,0,0,0,0,0,1,0,0,1,0,3,,2,2,2,1,1,1,1,1,1,2,1,1,1,1,1,1,1,1,1,1,1,2,1,2,1,1,1,1,1,2,2,2,2,2,2,,2,2,2,2,2,,,,,,,,,,,2,2,2,2,2,,2,2,2,2,2,6,3,3,4,6,13,3,5,5,4,5,4,3,5,5,4,5,5,26,1
24,1,56,10,13,3,2,2,5,3,5,3,Low,0,0,0,0,0,0,0,0,0,0,0,0,0,0,0,0,0,0,0,0,0,0,0,0,0,0,1,0,0,0,0,0,0,3,,2,3,1,1,1,1,1,1,1,1,1,1,1,1,1,1,1,1,1,1,1,3,3,3,1,1,1,1,1,2,2,2,2,2,2,,2,2,2,2,2,,,,,,,,,,,2,2,2,2,2,,2,2,2,2,2,6,3,3,3,6,17,3,5,5,5,5,3,3,5,5,5,5,4,26,1
27,1,31,5,13,3,1,1,5,3,4,2,Middle,0,0,0,0,0,0,0,0,0,0,0,1,0,0,0,0,0,0,0,0,0,0,0,0,0,0,0,0,0,0,0,0,0,3,,1,1,1,2,2,3,3,1,2,1,1,1,1,1,1,1,1,1,1,1,1,4,4,4,1,1,1,1,3,2,2,2,2,2,2,,2,2,2,2,2,,,,,,,,,,,2,2,2,2,2,,2,2,2,2,2,3,7,6,3,6,22,1,3,3,5,5,2,1,3,3,5,5,3,19,1
28,1,35,6,11,3,2,2,6,6,3,2,Middle,0,0,0,0,0,0,0,0,0,0,0,0,0,0,0,0,0,0,0,0,0,0,0,0,1,0,0,0,0,0,0,0,0,3,,4,4,2,3,3,3,2,3,2,4,1,2,2,2,1,2,1,2,1,1,2,1,1,1,1,2,1,1,2,2,2,2,2,2,2,,2,2,2,2,2,,,,,,,,,,,2,2,2,2,2,,2,2,2,2,2,10,9,7,7,10,14,5,2,3,3,3,4,5,2,3,3,3,4,20,1
29,1,65,11,13,3,2,2,8,5,2,2,Middle,0,0,0,0,0,0,0,0,0,0,0,0,0,0,0,0,0,0,0,0,0,0,0,0,0,0,0,0,0,0,0,0,1,1,,3,3,3,2,2,2,2,2,2,3,2,2,2,1,2,2,2,1,1,1,1,1,1,1,1,1,1,1,2,2,2,2,2,2,2,,2,2,2,2,2,,,,,,,,,,,2,2,2,2,2,,2,2,2,1,2,9,6,6,7,10,12,4,3,3,3,3,4,4,3,3,3,3,5,20,1
30,1,27,4,14,3,1,1,3,3,3,1,High,0,0,0,0,0,0,0,0,1,0,0,0,0,0,0,0,0,0,0,0,0,0,0,0,0,0,0,0,0,0,0,0,0,3,,2,1,1,3,4,4,4,3,4,4,4,4,3,2,3,4,4,4,4,4,4,3,2,3,2,3,2,3,3,2,2,2,2,2,2,,2,2,2,2,2,,,,,,,,,,,2,2,2,2,2,,2,2,2,2,2,4,11,11,12,20,33,2,1,1,1,1,1,2,1,2,1,1,1,7,1
31,1,44,7,13,3,2,2,6,3,5,3,Low,0,0,0,0,0,0,0,0,0,0,0,0,0,0,0,0,0,0,0,0,0,0,0,0,0,0,0,0,0,0,0,0,1,3,,2,2,2,2,1,1,1,1,1,1,1,1,1,1,1,1,1,1,1,1,1,1,1,1,1,1,1,1,1,2,2,2,2,2,2,,2,2,2,2,2,,,,,,,,,,,2,2,2,2,2,,2,2,2,2,2,6,4,3,3,6,11,3,4,5,5,5,5,3,4,5,5,5,5,27,1
32,1,33,5,14,3,1,1,,,4,3,Low,0,0,0,0,0,0,0,0,0,0,0,0,0,0,0,0,0,0,0,0,0,0,0,0,0,0,0,0,0,0,0,0,1,3,,2,2,1,1,1,1,1,1,1,1,1,1,1,1,1,1,1,1,1,1,1,1,1,1,1,1,1,1,1,2,2,2,2,2,2,,2,2,2,2,2,,,,,,,,,,,2,2,2,2,2,,2,2,2,2,2,5,3,3,3,6,11,2,5,5,5,5,5,2,5,5,5,5,5,27,1
33,1,60,11,11,3,2,2,4,4,3,3,Low,0,0,0,0,0,1,0,0,0,0,0,0,0,0,0,0,0,0,0,0,0,0,0,0,0,0,0,0,0,0,0,0,0,3,,3,2,2,1,1,1,1,1,1,1,1,1,1,1,1,1,1,1,1,1,1,1,1,2,1,1,1,1,1,2,2,2,2,2,2,,2,2,2,2,2,,,,,,,,,,,2,2,2,2,2,,2,2,2,2,2,7,3,3,3,6,12,3,5,5,5,5,4,3,5,5,5,5,5,27,1
34,1,61,11,14,3,2,2,4,3,7,3,Low,0,0,0,0,0,0,0,0,0,0,0,0,0,0,0,0,0,0,0,1,0,0,0,0,0,0,0,0,0,0,0,1,0,10,,3,3,3,1,1,1,1,1,1,2,1,1,1,1,1,1,1,1,1,1,2,2,1,1,1,1,1,1,1,2,2,2,2,2,2,,2,2,2,2,2,,,,,,,,,,,2,2,2,2,2,,2,2,2,1,2,9,3,3,4,6,13,4,5,5,4,5,4,4,5,5,4,5,5,27,1
35,1,46,8,13,3,2,2,3,3,6,1,High,0,0,0,0,0,0,0,0,0,0,0,0,0,0,0,0,0,0,0,0,0,1,0,0,0,0,0,0,0,0,0,0,0,8,,2,2,2,3,3,3,3,3,3,3,3,3,3,3,3,3,3,3,3,3,3,3,3,3,3,3,3,3,3,2,2,2,2,2,2,,2,2,2,2,2,,,,,,,,,,,2,2,2,2,2,,2,2,2,2,2,6,9,9,9,18,33,3,2,2,2,1,1,3,2,2,2,1,1,11,1
36,1,60,11,13,3,2,2,8,8,3,3,Low,0,0,0,0,0,0,0,0,0,0,0,0,0,0,0,0,0,0,0,0,0,0,0,0,0,0,0,0,0,0,0,0,1,3,,2,2,2,1,1,1,1,1,1,1,1,1,1,1,1,1,1,1,1,1,1,2,1,2,1,1,1,1,1,2,2,2,2,2,2,,2,2,2,2,2,,,,,,,,,,,2,2,2,2,2,,2,2,2,2,2,6,3,3,3,6,13,3,5,5,5,5,4,3,5,5,5,5,5,27,1
37,1,61,11,14,3,2,2,4,4,3,1,High,0,0,0,0,0,0,0,0,0,0,0,0,0,0,0,0,0,0,0,0,0,1,0,0,0,0,0,0,0,0,0,0,0,3,,1,1,1,3,3,3,4,3,4,2,4,3,4,4,3,4,4,4,1,2,3,1,3,4,3,2,1,2,2,2,2,2,2,2,2,,2,2,2,2,2,,,,,,,,,,,2,2,2,2,2,,2,2,2,2,2,3,9,11,9,23,24,1,2,1,2,1,2,1,2,2,2,1,2,9,1
38,1,56,10,13,3,2,2,7,6,3,1,High,0,0,0,0,0,0,0,0,0,0,0,0,0,0,0,0,0,0,0,0,0,1,0,0,0,0,0,0,0,0,0,0,0,3,,1,1,1,3,3,3,3,3,3,2,4,4,4,4,4,4,4,3,3,2,2,2,2,2,2,2,2,2,4,2,2,2,2,2,2,,2,2,2,2,2,,,,,,,,,,,2,2,2,2,2,,2,2,2,2,2,3,9,9,10,23,25,1,2,2,1,1,2,1,2,2,2,1,2,9,1
39,1,35,6,12,3,2,2,9,9,2,3,Low,0,0,0,0,0,0,0,0,0,0,0,0,0,0,0,0,1,0,0,0,0,0,0,0,0,0,0,0,0,0,0,0,0,1,,4,4,4,1,1,1,1,1,1,1,1,1,1,1,1,1,1,1,1,1,1,1,1,1,1,1,1,1,1,2,2,2,2,2,2,,2,2,2,2,2,,,,,,,,,,,2,2,2,2,2,,2,2,2,2,2,12,3,3,3,6,11,5,5,5,5,5,5,5,5,5,5,5,5,30,1
40,2,22,3,13,3,2,1,4,1,9,1,High,0,0,0,0,0,0,0,0,0,0,0,0,0,0,0,0,0,0,0,0,0,0,0,0,0,0,1,0,0,0,0,0,0,10,,2,2,2,4,4,4,4,2,4,3,4,4,4,4,4,4,4,4,1,2,3,3,2,4,1,1,1,3,1,2,2,2,2,2,2,2,2,2,2,2,2,,,,,,,,,,,2,2,2,2,2,2,2,2,2,2,2,6,12,10,11,24,22,3,1,2,1,1,2,3,1,2,1,1,3,11,1
41,2,46,8,13,3,1,1,2,2,5,1,High,0,0,0,0,0,0,0,0,0,0,0,0,0,0,0,0,0,0,0,0,0,0,0,0,0,0,1,0,0,0,0,0,0,3,,1,1,1,3,3,3,3,3,4,3,3,3,4,3,2,4,1,2,2,2,2,3,2,2,2,3,2,2,2,2,2,2,2,2,2,2,2,2,2,2,2,,,,,,,,,,,2,2,2,2,2,2,2,2,2,2,2,3,9,10,9,16,24,1,2,2,2,2,2,1,2,2,2,2,2,11,1
42,2,38,6,13,3,2,2,4,4,5,2,Middle,0,0,0,0,0,0,0,0,0,0,0,0,0,0,0,0,0,0,0,0,0,0,0,0,0,0,0,0,1,0,0,0,0,3,,2,2,2,1,1,2,2,2,2,1,2,2,2,1,2,2,2,2,1,1,2,1,1,2,1,2,2,2,2,2,2,2,2,2,2,2,2,2,2,2,2,,,,,,,,,,,2,2,2,2,2,2,2,2,2,2,2,6,4,6,5,11,17,3,4,3,3,3,3,3,4,3,3,3,4,20,1
43,2,55,10,12,3,1,1,2,2,9,1,High,0,0,0,0,0,0,0,0,0,0,0,0,0,0,0,0,0,0,0,0,0,0,0,0,0,0,1,0,0,0,0,0,0,10,,1,1,1,4,4,4,4,3,4,3,4,4,4,4,4,4,2,4,4,4,4,4,3,4,2,3,2,2,4,2,2,2,2,2,2,2,2,2,2,2,2,,,,,,,,,,,2,2,2,2,2,2,2,2,2,2,2,3,12,11,11,22,36,1,1,1,1,1,1,1,1,2,1,1,1,7,1
44,2,48,8,13,3,2,1,5,2,3,3,Low,0,1,0,0,0,0,0,0,0,0,0,0,0,0,0,0,0,0,0,0,0,0,0,0,0,0,0,0,0,0,0,0,0,3,,2,2,2,1,1,1,1,1,2,1,1,1,1,1,1,1,1,1,1,1,1,3,1,2,1,1,1,1,1,2,2,2,2,2,2,2,2,2,2,2,2,,,,,,,,,,,2,2,2,2,2,2,2,2,2,2,2,6,3,4,3,6,14,3,5,4,5,5,4,3,5,4,5,5,4,26,1
45,2,47,8,13,3,2,2,5,1,9,3,Low,0,0,0,0,0,0,0,0,0,0,0,0,0,0,0,0,0,0,0,0,0,0,0,0,0,0,0,0,0,0,0,0,1,10,,3,3,3,1,1,1,1,1,1,1,1,1,1,1,1,1,1,1,1,1,2,2,1,2,1,1,1,1,1,2,2,2,2,2,2,2,2,2,2,2,2,,,,,,,,,,,2,2,2,2,2,2,2,2,2,2,2,9,3,3,3,6,14,4,5,5,5,5,4,4,5,5,5,5,4,28,1
46,2,62,11,11,3,2,2,7,2,6,3,Low,0,0,0,0,0,0,0,0,0,0,0,0,1,0,0,0,0,0,0,0,0,0,0,0,0,0,1,0,0,0,0,0,0,8,,3,3,3,1,1,1,1,1,1,3,1,1,1,1,1,1,1,1,1,1,2,2,1,1,1,1,1,1,1,2,2,2,2,2,2,2,2,2,2,2,2,,,,,,,,,,,2,2,2,2,2,2,2,2,2,2,2,9,3,3,5,6,13,4,5,5,3,5,4,4,5,5,3,5,5,27,1
47,2,46,8,13,3,1,1,5,3,5,1,High,0,0,0,0,0,0,0,0,0,0,0,0,0,0,0,0,0,0,0,0,0,0,0,0,0,0,0,0,0,0,0,1,0,3,,2,2,3,3,3,3,3,4,4,4,4,4,4,4,4,4,4,4,4,4,4,4,4,4,4,4,4,4,4,2,2,2,2,2,2,2,2,2,2,2,2,,,,,,,,,,,2,2,2,2,2,2,2,2,2,2,2,7,9,11,12,24,44,3,2,1,1,1,1,3,2,2,1,1,1,10,1
48,2,29,4,13,3,1,1,10,10,6,3,Low,0,0,0,0,0,0,0,0,0,0,0,0,0,0,0,0,0,0,0,0,0,0,0,0,0,0,1,0,0,0,0,0,0,8,,2,4,3,1,1,1,2,2,2,1,1,1,1,1,1,1,1,1,1,1,1,3,1,3,1,1,1,1,1,2,2,2,2,2,2,2,2,2,2,2,2,,,,,,,,,,,2,2,2,2,2,2,2,2,2,2,2,9,3,6,3,6,15,4,5,3,5,5,4,4,5,3,5,5,4,26,1
49,2,59,10,13,3,2,2,7,1,9,3,Low,0,0,0,0,0,0,0,0,0,0,0,0,0,0,0,0,0,0,0,0,0,0,0,0,0,0,0,0,0,0,0,0,1,10,,3,3,3,1,1,1,2,2,1,1,1,1,1,1,1,1,1,1,1,1,1,1,1,2,1,1,1,1,2,2,2,2,2,2,2,2,2,2,2,2,2,,,,,,,,,,,2,2,2,2,2,2,2,2,2,2,2,9,3,5,3,6,13,4,5,3,5,5,4,4,5,3,5,5,5,27,1
50,2,27,4,14,3,1,1,10,2,5,2,Middle,0,0,0,0,0,0,0,0,0,0,0,0,0,0,0,0,0,0,0,0,0,0,0,0,0,0,0,0,0,0,0,0,1,5,,2,2,2,2,2,2,2,2,1,2,1,1,2,2,2,2,1,2,1,1,1,3,3,3,1,2,1,2,1,2,2,2,2,2,2,2,2,2,2,2,2,,,,,,,,,,,2,2,2,2,2,2,2,2,2,1,2,6,6,5,4,11,19,3,3,3,4,3,3,3,3,3,4,3,3,19,1
51,2,28,4,13,3,2,1,4,1,9,2,Middle,0,0,0,0,0,0,0,0,0,0,0,0,0,0,0,0,0,0,0,0,0,0,0,1,0,0,0,0,0,0,0,0,0,10,,2,2,2,2,2,2,3,3,2,2,3,2,2,2,2,2,2,2,1,1,1,2,1,2,1,1,1,1,2,2,2,2,2,2,2,2,2,2,2,2,2,,,,,,,,,,,2,2,2,2,2,2,2,2,2,1,2,6,6,8,7,12,14,3,3,2,3,3,4,3,3,3,3,3,4,19,1
52,2,54,9,13,3,1,2,3,3,5,3,Low,0,0,0,0,0,0,0,0,0,0,0,0,0,0,0,0,0,0,0,0,0,0,0,0,0,0,0,0,0,0,0,0,1,3,,3,3,3,1,1,1,1,1,1,1,1,1,1,1,1,1,1,1,1,1,1,3,2,3,1,1,1,1,1,2,2,2,2,2,2,2,2,2,2,2,2,,,,,,,,,,,2,2,2,2,2,2,2,2,2,2,2,9,3,3,3,6,16,4,5,5,5,5,3,4,5,5,5,5,4,28,1
53,2,36,6,12,3,1,1,2,2,5,1,High,0,0,0,0,0,0,0,0,0,0,0,0,0,0,0,0,0,0,0,0,0,0,0,0,0,0,1,0,0,0,0,0,0,3,,1,1,1,3,3,4,4,3,4,2,4,4,4,4,4,4,3,3,1,2,2,3,3,4,1,3,1,3,4,2,2,2,2,2,2,2,2,2,2,2,2,,,,,,,,,,,2,2,2,2,2,2,2,2,2,2,2,3,10,11,10,22,27,1,1,1,1,1,1,1,2,2,2,1,2,10,1
54,2,30,5,13,3,1,1,10,10,5,2,Middle,0,0,0,0,0,0,0,0,0,0,0,0,0,0,0,0,0,0,0,0,0,0,0,0,0,0,0,0,0,0,0,0,1,10,,3,3,3,2,2,2,2,2,2,2,2,2,2,2,2,2,2,2,1,1,3,2,2,3,1,1,1,1,1,2,2,2,2,2,2,2,2,2,2,2,2,,,,,,,,,,,2,2,2,2,2,2,2,2,2,2,2,9,6,6,6,12,17,4,3,3,3,3,3,4,3,3,3,3,4,20,1
55,2,27,4,14,3,1,1,3,3,1,3,Low,0,0,0,0,0,0,0,0,0,0,0,0,0,0,0,0,0,0,0,0,0,0,0,0,0,0,0,0,0,0,0,1,0,2,,2,2,2,2,2,2,1,1,1,1,1,1,1,1,1,1,1,1,1,1,1,2,1,2,1,1,1,1,1,2,2,2,2,2,2,2,2,2,2,2,2,,,,,,,,,,,2,2,2,2,2,2,2,2,2,2,2,6,6,3,3,6,13,3,3,5,5,5,4,3,3,5,5,5,5,26,1
56,2,53,9,11,3,2,2,7,2,3,2,Middle,0,1,0,0,0,0,0,0,0,0,0,0,0,0,0,0,0,0,0,0,0,0,0,0,0,0,0,0,0,0,1,0,0,7,,2,3,3,2,3,2,2,1,2,3,2,1,3,1,2,1,1,1,1,1,2,2,1,3,1,2,1,3,1,2,2,2,2,2,2,2,2,2,2,2,2,,,,,,,,,,,2,2,2,2,2,2,2,2,2,2,2,8,7,5,6,9,18,4,3,3,3,3,3,4,3,3,3,3,3,19,1
57,2,36,6,13,3,1,1,10,10,6,3,Low,0,0,0,0,0,0,0,0,0,0,0,0,0,0,0,0,0,0,0,0,0,0,0,0,0,0,1,0,0,0,0,0,0,8,,2,2,2,2,1,1,1,1,1,1,1,1,1,1,1,1,1,1,1,1,1,1,1,1,1,1,1,1,1,2,2,2,2,2,2,2,2,2,2,2,2,,,,,,,,,,,2,2,2,2,2,2,2,2,2,2,2,6,4,3,3,6,11,3,4,5,5,5,5,3,4,5,5,5,5,27,1
58,2,34,5,13,3,2,1,4,1,9,1,High,0,0,0,0,0,0,0,0,0,0,0,1,0,0,0,0,0,0,0,0,0,0,0,0,0,0,0,0,0,0,0,0,0,10,,2,2,2,4,4,4,4,4,4,2,2,2,3,3,3,3,3,2,2,2,2,4,4,3,3,2,1,3,4,2,2,2,2,2,2,2,2,2,2,2,2,,,,,,,,,,,2,2,2,2,2,2,2,2,2,2,2,6,12,12,6,17,30,3,1,1,3,1,1,3,1,1,3,2,1,11,1
59,2,53,9,13,3,1,1,1,1,7,3,Low,0,0,0,0,0,0,0,0,0,0,0,0,0,0,0,0,0,0,0,0,0,0,0,0,0,0,1,0,0,0,0,0,0,9,,1,2,3,2,1,1,1,1,1,1,1,1,1,1,1,1,1,1,1,1,1,1,1,3,1,1,1,1,1,2,2,2,2,2,2,2,2,2,2,2,2,,,,,,,,,,,2,2,2,2,2,2,2,2,2,2,2,6,4,3,3,6,13,3,4,5,5,5,4,3,4,5,5,5,5,27,1
60,2,52,9,13,3,1,2,2,2,9,2,Middle,0,0,0,0,0,0,0,0,0,0,0,0,0,0,0,0,0,0,0,0,0,0,0,0,0,0,1,0,0,0,0,0,0,10,,2,2,3,1,2,1,2,1,2,2,2,2,1,1,1,1,1,1,1,1,2,3,1,1,1,1,1,4,2,2,2,2,2,2,2,2,2,2,2,2,2,,,,,,,,,,,2,2,2,2,2,2,2,2,2,2,2,7,4,5,6,6,18,3,4,3,3,5,3,3,4,3,3,5,3,21,1
61,2,44,7,12,3,1,1,,,3,3,Low,0,0,0,0,0,0,0,0,0,0,0,0,0,0,0,0,0,0,0,0,0,0,0,0,0,0,0,0,0,0,0,0,1,5,,1,1,1,1,1,1,1,1,1,1,1,1,1,1,1,1,1,1,1,1,1,1,1,1,1,1,1,1,1,2,2,2,2,2,2,2,2,2,2,2,2,,,,,,,,,,,2,2,2,2,2,2,2,2,2,2,2,3,3,3,3,6,11,1,5,5,5,5,5,1,5,5,5,5,5,26,1
62,2,46,8,12,3,2,2,7,2,3,3,Low,0,0,0,0,0,0,0,0,0,0,0,0,0,0,0,0,0,0,0,0,0,0,0,0,0,0,1,0,0,0,0,0,0,7,,2,3,3,1,1,1,2,3,3,1,1,1,1,1,1,1,1,1,1,1,2,2,2,2,1,1,1,1,1,2,2,2,2,2,2,2,2,2,2,2,2,,,,,,,,,,,2,2,2,2,2,2,2,2,2,2,2,8,3,8,3,6,15,4,5,2,5,5,4,4,5,3,5,5,4,26,1
63,2,52,9,11,3,1,1,2,2,5,1,High,0,0,0,0,0,0,0,0,0,0,0,0,0,0,0,0,0,0,0,0,0,0,0,0,0,0,0,0,0,0,0,0,1,5,,1,1,1,4,4,4,4,4,4,4,4,4,4,4,4,4,4,4,1,2,2,3,1,3,2,2,1,2,3,2,2,2,2,2,2,2,2,2,2,2,2,,,,,,,,,,,2,2,2,2,2,2,2,2,2,2,2,3,12,12,12,24,22,1,1,1,1,1,2,1,1,1,1,1,3,8,1
64,2,58,10,13,3,1,1,3,3,3,3,Low,0,0,0,0,0,0,0,0,0,0,0,0,0,0,0,0,0,0,0,0,0,1,0,0,0,0,0,0,0,0,0,0,0,4,,3,2,3,1,1,1,1,1,2,1,1,1,2,2,1,1,1,1,1,1,1,3,2,2,1,1,1,1,1,2,2,2,2,2,2,2,2,2,2,2,2,,,,,,,,,,,2,2,2,2,2,2,2,2,2,2,2,8,3,4,3,8,15,4,5,4,5,4,4,4,5,4,5,4,4,26,1
65,2,44,7,14,3,2,2,2,1,7,2,Middle,0,0,0,0,0,0,0,0,0,0,0,0,0,0,0,0,0,0,0,0,0,0,0,0,0,0,0,0,0,0,0,0,1,9,,3,3,3,2,3,2,3,3,3,3,3,2,2,2,1,3,1,2,2,1,2,2,1,3,3,1,1,1,1,2,2,2,2,2,2,2,2,2,2,2,2,,,,,,,,,,,2,2,2,2,2,2,2,2,2,2,2,9,7,9,8,11,18,4,3,2,2,3,3,4,3,2,2,3,3,17,1
66,2,29,4,12,3,2,1,3,3,3,2,Middle,0,0,0,0,0,0,0,0,0,0,0,0,0,0,0,0,0,0,0,0,0,0,0,0,0,0,0,0,0,0,0,1,0,3,,3,3,3,3,3,3,3,3,3,2,1,1,1,2,2,2,2,1,1,1,2,2,1,1,1,1,1,1,1,2,2,2,2,2,2,2,2,2,2,2,2,,,,,,,,,,,2,2,2,2,2,2,2,2,2,2,2,9,9,9,4,10,13,4,2,2,4,3,4,4,2,2,4,3,5,20,1
67,2,54,9,13,3,1,1,4,4,3,3,Low,0,0,0,0,0,0,0,0,0,0,0,0,0,0,0,0,0,0,0,0,0,1,0,0,0,0,0,0,0,0,0,0,0,3,,2,2,2,2,2,1,1,1,1,1,1,1,1,1,1,1,1,1,1,1,1,2,2,2,1,1,1,2,1,2,2,2,2,2,2,2,2,2,2,2,2,,,,,,,,,,,2,2,2,2,2,2,2,2,2,1,2,6,5,3,3,6,15,3,4,5,5,5,4,3,4,5,5,5,4,26,1
68,2,24,3,13,3,1,1,3,1,9,3,Low,0,0,0,0,0,0,0,0,0,0,0,0,0,0,0,0,0,0,0,0,0,0,1,0,1,0,1,0,0,0,0,0,0,10,,4,4,4,1,2,1,2,2,1,1,1,1,1,1,1,1,1,1,1,1,1,2,1,1,1,1,1,2,1,2,2,2,2,2,2,2,2,2,2,2,2,,,,,,,,,,,2,2,2,2,2,2,2,2,2,2,2,12,4,5,3,6,13,5,4,3,5,5,4,5,4,3,5,5,5,27,1
69,2,62,11,12,3,1,1,2,2,3,2,Middle,0,0,0,0,0,0,0,0,0,0,0,0,0,0,0,0,0,0,0,0,0,0,0,0,1,0,0,0,0,0,0,0,0,7,,2,2,2,3,3,3,2,2,1,3,2,1,1,1,1,1,1,1,1,1,1,2,1,3,1,1,1,1,2,2,2,2,2,2,2,2,2,2,2,2,2,,,,,,,,,,,2,2,2,2,2,2,2,2,2,1,2,6,9,5,6,6,15,3,2,3,3,5,4,3,2,3,3,5,4,20,1
70,2,28,4,12,3,2,1,7,3,3,3,Low,0,0,0,0,0,0,0,0,0,0,0,0,0,0,0,0,0,0,0,0,0,0,0,0,1,0,0,0,0,0,0,0,0,3,,3,3,3,1,2,1,2,1,1,1,1,1,1,1,1,1,1,2,1,1,1,2,1,2,1,1,1,1,1,2,2,2,2,2,2,2,2,2,2,2,2,,,,,,,,,,,2,2,2,2,2,2,2,2,2,2,2,9,4,4,3,7,13,4,4,4,5,4,4,4,4,4,5,4,5,26,1
71,2,63,11,14,3,2,2,2,2,5,2,Middle,0,0,0,0,0,0,0,0,0,0,0,0,0,0,0,0,0,0,0,0,0,0,0,1,0,0,0,0,0,0,0,0,0,10,,2,2,2,2,2,2,2,1,2,1,2,2,2,2,2,1,1,1,1,2,2,2,2,2,1,2,1,2,2,2,2,2,2,2,2,2,2,2,2,2,2,,,,,,,,,,,2,2,2,2,2,2,2,2,2,2,2,6,6,5,5,9,19,3,3,3,3,3,3,3,3,3,3,3,3,18,1
73,2,32,5,13,3,1,1,3,3,3,3,Low,0,0,0,0,0,0,0,0,0,0,0,0,0,0,0,0,0,0,0,0,0,0,0,0,0,0,0,0,1,0,0,0,0,3,,3,3,3,3,2,2,2,1,1,1,1,1,1,1,1,1,1,1,1,1,1,1,1,1,1,1,1,1,1,2,2,2,2,2,2,2,2,2,2,2,2,,,,,,,,,,,2,2,2,2,2,2,2,2,2,2,2,9,7,4,3,6,11,4,3,4,5,5,5,4,3,4,5,5,5,26,1
74,2,60,11,13,3,2,1,8,4,3,3,Low,0,0,0,0,0,0,0,0,0,0,0,0,0,0,0,0,0,0,0,0,0,0,0,0,0,0,1,0,0,0,0,0,0,5,,2,3,2,1,1,1,1,1,1,1,1,1,1,1,1,1,1,1,1,1,1,1,1,1,1,1,1,1,1,2,2,2,2,2,2,2,2,2,2,2,2,,,,,,,,,,,2,2,2,2,2,2,2,2,2,2,2,7,3,3,3,6,11,3,5,5,5,5,5,3,5,5,5,5,5,28,1
75,2,47,8,12,3,2,1,6,3,3,1,High,0,0,0,0,0,0,0,0,0,0,0,0,0,0,0,0,0,0,0,0,0,1,0,0,0,0,0,0,0,0,0,0,0,3,,1,1,1,1,3,3,3,3,3,3,4,3,3,3,3,3,3,2,1,1,4,4,4,4,1,4,1,4,4,2,2,2,2,2,2,2,2,2,2,2,2,,,,,,,,,,,2,2,2,2,2,2,2,2,2,2,2,3,7,9,10,17,32,1,3,2,1,1,1,1,3,2,2,2,1,11,1
76,2,42,7,13,3,1,1,3,3,9,3,Low,0,0,0,0,0,0,0,0,0,0,0,0,0,0,0,0,0,0,0,0,0,0,0,0,0,0,0,0,0,0,0,0,1,10,,4,4,4,1,1,1,1,1,1,1,1,1,1,1,1,1,1,1,1,1,1,4,1,1,1,1,1,1,1,2,2,2,2,2,2,2,2,2,2,2,2,,,,,,,,,,,2,2,2,2,2,2,2,2,2,2,2,12,3,3,3,6,14,5,5,5,5,5,4,5,5,5,5,5,4,29,1
77,2,50,9,13,3,2,2,5,2,3,1,High,0,1,0,0,0,0,0,0,0,0,0,0,0,0,0,0,0,0,0,0,0,0,0,0,0,0,0,0,0,0,0,0,0,3,,2,1,1,3,3,3,3,3,4,3,3,3,3,3,3,3,1,2,4,3,3,3,3,3,3,2,3,3,3,2,2,2,2,2,2,2,2,2,2,2,2,,,,,,,,,,,2,2,2,2,2,2,2,2,2,2,2,4,9,10,9,15,33,2,2,2,2,2,1,2,2,2,2,2,1,11,1
78,2,34,5,13,3,2,1,4,2,5,3,Low,0,0,0,0,0,0,0,0,0,0,0,0,0,0,0,0,0,0,0,0,0,0,0,0,0,0,0,0,0,0,0,0,1,7,,3,3,3,1,1,1,2,1,1,1,1,1,1,1,1,1,1,1,1,1,1,2,1,2,1,1,1,1,1,2,2,2,2,2,2,2,2,2,2,2,2,,,,,,,,,,,2,2,2,2,2,2,2,2,2,2,2,9,3,4,3,6,13,4,5,4,5,5,4,4,5,4,5,5,5,28,1
79,2,51,9,13,3,2,2,6,1,9,3,Low,0,0,0,0,0,0,0,0,0,0,0,0,0,0,0,0,0,0,0,0,0,0,0,0,1,0,0,0,0,0,0,0,0,10,,4,4,4,1,1,1,1,1,1,2,1,1,1,1,1,1,1,1,1,1,2,1,1,1,1,1,1,1,1,2,2,2,2,2,2,2,2,2,2,2,2,,,,,,,,,,,2,2,2,2,2,2,2,2,2,1,2,12,3,3,4,6,12,5,5,5,4,5,4,5,5,5,4,5,5,29,1
80,2,30,5,13,3,1,1,3,3,5,3,Low,0,0,0,0,0,0,0,0,0,0,0,0,0,0,0,0,0,0,0,0,0,0,0,0,1,0,0,0,0,0,0,0,0,3,,4,4,4,1,1,1,1,1,1,1,1,1,1,1,1,1,1,1,1,1,1,1,1,1,1,1,1,1,1,2,2,2,2,2,2,2,2,2,2,2,2,,,,,,,,,,,2,2,2,2,2,2,2,2,2,2,2,12,3,3,3,6,11,5,5,5,5,5,5,5,5,5,5,5,5,30,1
81,2,65,11,14,3,2,2,5,3,4,3,Low,0,0,0,0,0,0,0,0,0,0,0,0,0,0,0,0,0,0,0,0,0,0,0,0,0,0,0,0,0,0,0,1,0,5,,4,4,4,1,1,1,1,1,1,1,1,1,1,1,1,1,1,1,1,1,1,2,1,1,1,1,1,1,1,2,2,2,2,2,2,2,2,2,2,2,2,,,,,,,,,,,2,2,2,2,2,2,2,2,2,2,2,12,3,3,3,6,12,5,5,5,5,5,4,5,5,5,5,5,5,30,1
82,2,45,8,13,3,1,1,10,10,4,1,High,0,0,0,0,0,0,0,0,0,0,0,1,0,0,0,0,0,0,0,0,0,0,0,0,0,0,0,0,0,0,0,0,0,3,,1,1,1,3,2,2,4,4,4,4,3,3,3,4,3,4,3,2,4,1,2,2,2,3,3,4,2,2,3,2,2,2,2,2,2,2,2,2,2,2,2,,,,,,,,,,,2,2,2,2,2,2,2,2,2,2,2,3,7,12,10,19,28,1,3,1,1,1,1,1,3,1,2,1,2,10,1
83,2,54,9,11,3,2,1,3,1,9,1,High,0,0,0,0,0,0,0,0,1,0,0,0,0,0,0,0,0,0,0,0,0,0,0,0,0,0,1,0,0,0,0,0,0,10,,1,1,1,3,3,3,3,3,3,3,1,4,3,3,3,3,3,3,3,3,4,4,3,3,1,3,2,2,2,2,2,2,2,2,2,2,2,2,2,2,2,,,,,,,,,,,2,2,2,2,2,2,2,2,2,2,2,3,9,9,8,18,30,1,2,2,2,1,1,1,2,2,2,1,1,9,1
84,2,51,9,13,3,2,2,6,1,9,3,Low,0,0,0,0,0,0,0,0,0,0,0,0,0,0,0,0,1,0,0,0,0,0,0,0,0,0,1,0,0,0,0,0,0,10,,3,4,3,1,1,1,1,2,1,2,1,1,1,1,1,1,1,2,1,1,1,1,3,1,1,1,1,1,1,2,2,2,2,2,2,2,2,2,2,2,2,,,,,,,,,,,2,2,2,2,2,2,2,2,2,2,2,10,3,4,4,7,13,5,5,4,4,4,4,5,5,4,4,4,5,27,1
86,2,56,10,14,3,2,2,5,1,9,3,Low,0,0,0,0,0,0,0,0,0,0,0,0,0,0,0,0,0,0,0,0,0,1,0,0,0,0,0,0,0,0,0,0,0,10,,4,4,4,2,2,2,1,1,1,1,1,1,1,1,1,1,1,1,1,1,1,1,1,2,1,1,1,1,1,2,2,2,2,2,2,2,2,2,2,2,2,,,,,,,,,,,2,2,2,2,2,2,2,2,2,2,2,12,6,3,3,6,12,5,3,5,5,5,4,5,3,5,5,5,5,28,1
87,2,36,6,13,3,2,1,5,2,3,2,Middle,0,0,0,0,0,0,0,0,0,0,0,0,0,0,0,0,0,0,0,0,0,0,0,0,0,0,0,0,0,0,0,0,1,10,,1,2,2,1,1,1,3,3,3,3,3,3,3,2,2,2,2,3,2,1,1,2,2,2,1,1,1,1,1,2,2,2,2,2,2,2,2,2,2,2,2,,,,,,,,,,,2,2,2,2,2,2,2,2,2,2,2,5,3,9,9,14,15,2,5,2,2,2,4,2,5,2,2,2,4,17,1
88,2,26,4,13,3,1,1,4,3,3,2,Middle,0,0,0,0,0,0,0,0,1,0,0,0,0,0,0,0,0,0,0,0,0,0,0,0,0,0,0,0,0,0,0,0,0,3,,1,1,1,2,2,3,2,2,2,2,2,2,2,4,3,2,2,2,1,1,1,2,1,2,1,1,1,1,1,2,2,2,2,2,2,2,2,2,2,2,2,,,,,,,,,,,2,2,2,2,2,2,2,2,2,2,2,3,7,6,6,15,13,1,3,3,3,2,4,1,3,3,3,2,5,17,1
89,2,35,6,13,3,1,1,3,3,3,3,Low,0,0,0,0,0,0,0,0,0,0,0,0,0,0,0,0,0,0,0,0,0,0,0,0,0,0,0,0,0,0,0,1,0,3,,1,2,2,1,1,1,1,1,1,2,1,1,1,1,1,1,1,1,1,1,1,1,1,1,1,1,1,1,1,2,2,2,2,2,2,2,2,2,2,2,2,,,,,,,,,,,2,2,2,2,2,2,2,2,2,2,2,5,3,3,4,6,11,2,5,5,4,5,5,2,5,5,4,5,5,26,1
90,2,45,8,14,3,1,1,4,4,3,3,Low,0,0,0,0,0,0,0,0,0,0,0,0,0,0,0,0,0,0,0,0,0,0,0,0,0,1,0,0,0,0,0,0,0,5,,1,1,1,1,1,1,1,1,1,1,1,1,1,1,1,1,1,1,1,1,1,1,1,1,1,1,1,1,3,2,2,2,2,2,2,2,2,2,2,2,2,,,,,,,,,,,2,2,2,2,2,2,2,2,2,2,2,3,3,3,3,6,13,1,5,5,5,5,4,1,5,5,5,5,5,26,1
91,2,28,4,13,3,1,1,10,10,5,3,Low,0,0,0,0,0,0,0,0,0,0,0,0,0,0,0,0,0,0,0,0,0,0,0,0,0,0,0,0,1,0,0,0,0,3,,2,2,1,1,1,1,1,1,1,1,1,1,2,1,1,1,2,1,1,1,1,1,1,1,1,1,1,1,1,2,2,2,2,2,2,2,2,2,2,2,2,,,,,,,,,,,2,2,2,2,2,2,2,2,2,2,2,5,3,3,3,8,11,2,5,5,5,4,5,2,5,5,5,4,5,26,1
92,2,52,9,13,3,2,2,5,2,3,2,Middle,0,0,0,0,0,0,0,0,0,0,0,0,0,0,0,0,0,0,0,0,0,0,0,0,1,0,0,0,0,0,0,0,0,5,,2,2,2,2,2,3,2,1,2,2,2,1,2,2,1,2,1,2,1,1,1,2,1,3,1,1,1,3,2,2,2,2,2,2,2,2,2,2,2,2,2,,,,,,,,,,,2,2,2,2,2,2,2,2,2,2,2,6,7,5,5,10,17,3,3,3,3,3,3,3,3,3,3,3,4,19,1
93,2,52,9,13,3,2,1,,1,9,1,High,0,0,0,0,0,0,0,0,0,0,0,0,0,0,0,0,0,0,0,0,0,0,0,0,0,0,0,0,0,0,0,0,1,10,,1,1,1,2,2,2,3,3,3,3,3,2,3,2,2,3,1,2,2,2,3,4,4,4,4,3,2,3,3,2,2,2,2,2,2,2,2,2,2,2,2,,,,,,,,,,,2,2,2,2,2,2,2,2,2,2,2,3,6,9,8,13,34,1,3,2,2,2,1,1,3,2,2,2,1,11,1
94,2,59,10,13,3,1,1,2,2,3,3,Low,0,0,0,0,0,0,0,0,0,0,0,0,0,0,0,0,0,0,0,0,0,0,0,0,0,0,0,0,0,0,0,0,1,3,,4,4,4,1,1,1,1,1,1,1,1,1,1,1,1,1,1,1,1,1,1,3,3,3,1,1,1,3,1,2,2,2,2,2,2,2,2,2,2,2,2,,,,,,,,,,,2,2,2,2,2,2,2,2,2,2,2,12,3,3,3,6,19,5,5,5,5,5,3,5,5,5,5,5,3,28,1
95,2,52,9,11,3,2,2,5,1,9,1,High,0,0,0,0,0,0,0,0,0,0,0,0,0,0,0,0,0,0,0,0,0,1,0,0,1,0,0,0,1,0,0,0,0,10,,2,3,3,4,4,4,3,3,3,4,4,4,4,4,4,4,4,3,4,3,3,2,3,2,4,4,4,3,4,2,2,2,2,2,2,2,2,2,2,2,2,,,,,,,,,,,2,2,2,2,2,2,2,2,2,2,2,8,12,9,12,23,36,4,1,2,1,1,1,4,1,2,1,1,1,10,1
96,2,64,11,12,3,2,2,6,2,3,2,Middle,0,0,0,0,0,0,0,0,0,0,0,0,0,0,0,0,0,0,0,0,0,0,0,0,0,1,0,0,0,0,0,0,0,3,,2,1,1,2,2,2,1,1,1,1,2,2,1,2,2,1,1,1,1,2,1,3,3,3,2,1,1,1,1,2,2,2,2,2,2,2,2,2,2,2,2,,,,,,,,,,,2,2,2,2,2,2,2,2,2,2,2,4,6,3,5,8,19,2,3,5,3,4,3,2,3,5,3,4,3,20,1
97,2,46,8,14,3,1,2,4,4,4,3,Low,0,0,0,0,0,0,0,0,0,0,0,0,0,0,0,0,0,0,0,0,0,0,0,0,0,0,1,0,0,0,0,0,0,3,,4,4,4,1,1,1,2,1,1,1,1,1,1,1,1,1,1,1,2,1,1,1,2,1,1,2,2,3,1,2,2,2,2,2,2,2,2,2,2,2,2,,,,,,,,,,,2,2,2,2,2,2,2,2,2,2,2,12,3,4,3,6,17,5,5,4,5,5,3,5,5,4,5,5,4,28,1
98,2,52,9,13,3,2,2,,,3,3,Low,0,0,0,0,0,0,0,0,0,0,0,0,0,0,0,0,0,0,0,0,0,0,0,0,0,0,0,0,0,0,0,0,1,3,,3,4,4,1,1,1,1,1,1,1,1,1,1,1,1,1,1,1,1,1,1,1,1,1,1,1,1,1,1,2,2,2,2,2,2,2,2,2,2,2,2,,,,,,,,,,,2,2,2,2,2,2,2,2,2,2,2,11,3,3,3,6,11,5,5,5,5,5,5,5,5,5,5,5,5,30,1
99,2,53,9,13,3,2,2,6,2,3,3,Low,0,0,0,0,0,0,0,0,0,0,0,0,0,0,0,0,0,0,0,0,0,0,0,0,0,0,0,0,0,0,0,0,1,3,,4,4,4,1,1,1,1,1,1,1,1,1,1,1,1,1,1,1,1,1,1,1,1,1,1,1,1,1,1,2,2,2,2,2,2,2,2,2,2,2,2,,,,,,,,,,,2,2,2,2,2,2,2,2,2,2,2,12,3,3,3,6,11,5,5,5,5,5,5,5,5,5,5,5,5,30,1
100,2,25,4,13,3,1,1,,,3,1,High,0,0,0,0,0,0,0,0,0,0,0,0,0,0,0,0,0,0,0,0,0,0,0,0,1,0,0,0,0,0,0,0,0,5,,1,1,1,3,4,3,3,3,3,3,3,3,3,3,3,3,3,3,3,1,3,1,1,3,1,1,1,1,3,2,2,2,2,2,2,2,2,2,2,2,2,,,,,,,,,,,2,2,2,2,2,2,2,2,2,2,2,3,10,9,9,18,19,1,1,2,2,1,3,1,2,2,2,1,3,11,1
101,2,32,5,11,3,1,1,2,2,3,2,Middle,0,0,0,0,0,0,0,0,0,0,0,0,0,0,0,0,0,0,0,0,0,0,0,0,0,0,1,0,0,0,0,0,0,5,,1,1,1,1,1,1,2,1,4,1,3,3,3,2,2,2,2,2,1,1,1,4,2,4,1,1,1,1,4,2,2,2,2,2,2,2,2,2,2,2,2,,,,,,,,,,,2,2,2,2,2,2,2,2,2,1,2,3,3,7,7,13,21,1,5,3,3,2,3,1,5,3,3,2,3,17,1
102,2,28,4,13,3,1,1,3,2,3,2,Middle,0,0,0,0,0,0,0,0,0,0,0,0,0,0,0,0,0,0,0,0,0,0,0,0,0,0,1,0,1,0,0,0,0,7,,2,2,2,3,2,3,1,1,2,2,2,2,2,2,2,2,2,2,2,1,2,3,2,2,2,2,2,3,1,2,2,2,2,2,2,2,2,2,2,2,2,,,,,,,,,,,2,2,2,2,2,2,2,2,2,1,2,6,8,4,6,12,22,3,2,4,3,3,2,3,3,4,3,3,3,19,1
104,2,38,6,13,3,1,1,3,3,5,1,High,0,0,0,0,0,0,0,0,0,0,0,0,0,0,0,0,0,0,0,0,0,0,0,0,0,0,0,0,0,0,0,0,1,3,,1,2,2,3,3,3,3,2,2,4,4,3,3,4,3,4,3,3,1,1,3,3,3,3,1,3,1,3,4,2,2,2,2,2,2,2,2,2,2,2,2,,,,,,,,,,,2,2,2,2,2,2,2,2,2,2,2,5,9,7,11,20,26,2,2,3,1,1,2,2,2,3,1,1,2,11,1
105,2,44,7,13,3,2,2,5,1,9,3,Low,0,0,0,0,0,0,0,0,0,0,0,0,0,0,0,0,0,0,0,0,0,0,0,0,0,0,0,0,1,0,0,0,0,10,,3,4,4,3,2,2,1,1,1,1,1,1,1,1,1,1,1,1,1,1,1,2,1,2,1,1,1,1,1,2,2,2,2,2,2,2,2,2,2,2,2,,,,,,,,,,,2,2,2,2,2,2,2,2,2,2,2,11,7,3,3,6,13,5,3,5,5,5,4,5,3,5,5,5,5,28,1
106,2,35,6,13,3,1,1,10,2,3,1,High,0,0,0,0,0,1,0,0,0,0,0,0,0,0,0,0,0,0,0,0,0,0,0,0,0,0,0,0,0,0,0,0,0,3,,2,2,2,4,3,3,2,2,2,4,4,4,4,1,4,4,4,4,4,4,4,4,4,1,4,4,4,4,4,2,2,2,2,2,2,2,2,2,2,2,2,,,,,,,,,,,2,2,2,2,2,2,2,2,2,2,2,6,10,6,12,21,41,3,1,3,1,1,1,3,2,3,1,1,1,11,1
107,2,63,11,13,3,1,1,3,3,7,3,Low,0,0,0,0,0,0,0,0,0,0,0,0,0,0,0,0,0,0,0,0,0,0,0,0,0,0,0,0,0,0,0,0,1,8,,2,2,3,1,1,1,1,1,1,1,1,1,1,1,1,1,1,1,1,1,1,2,1,2,1,1,1,2,1,2,2,2,2,2,2,2,2,2,2,2,2,,,,,,,,,,,2,2,2,2,2,2,2,2,2,2,2,7,3,3,3,6,14,3,5,5,5,5,4,3,5,5,5,5,4,27,1
108,2,35,6,14,3,2,1,5,2,3,3,Low,0,0,0,0,0,0,0,0,0,0,0,0,0,0,0,0,0,0,0,0,0,0,0,0,1,0,0,0,0,0,0,0,0,3,,4,4,4,3,1,2,1,1,1,1,1,1,1,1,1,1,1,2,1,1,2,1,1,1,1,1,1,1,1,2,2,2,2,2,2,2,2,2,2,2,2,,,,,,,,,,,2,2,2,2,2,2,2,2,2,2,2,12,6,3,3,7,12,5,3,5,5,4,4,5,3,5,5,4,5,27,1
109,2,29,4,13,3,1,1,2,2,3,3,Low,0,0,0,0,0,0,0,0,0,0,0,0,0,0,0,0,0,0,0,0,0,1,0,0,0,0,0,0,0,0,0,0,0,3,,3,4,4,1,1,1,1,1,2,1,1,1,1,1,1,1,1,1,1,1,1,1,1,1,1,1,1,1,1,2,2,2,2,2,2,2,2,2,2,2,2,,,,,,,,,,,2,2,2,2,2,2,2,2,2,2,2,11,3,4,3,6,11,5,5,4,5,5,5,5,5,4,5,5,5,29,1
110,2,25,4,13,3,1,1,3,3,3,1,High,0,0,0,0,0,0,0,0,0,0,0,0,0,0,0,0,0,0,0,0,0,0,0,0,0,0,0,0,0,0,0,1,0,3,,1,1,1,1,1,4,4,4,4,4,4,4,4,3,4,4,4,4,4,4,4,4,4,4,4,4,1,4,4,2,2,2,2,2,2,2,2,2,2,2,2,,,,,,,,,,,2,2,2,2,2,2,2,2,2,2,2,3,6,12,12,23,41,1,3,1,1,1,1,1,3,1,1,1,1,8,1
111,2,43,7,13,3,1,1,,,3,1,High,0,0,0,0,0,0,0,0,0,0,0,0,0,0,0,0,0,0,0,0,0,0,0,0,1,0,0,0,0,0,0,0,0,3,,1,1,1,3,4,3,4,3,4,4,3,3,3,4,4,3,3,2,2,2,2,4,2,4,2,4,1,4,2,2,2,2,2,2,2,2,2,2,2,2,2,,,,,,,,,,,2,2,2,2,2,2,2,2,2,2,2,3,10,11,10,19,29,1,1,1,1,1,1,1,2,2,2,1,2,10,1
112,2,61,11,14,3,2,2,6,2,3,3,Low,0,1,0,0,0,0,0,0,0,0,0,0,0,0,0,0,0,0,0,0,0,0,0,0,0,0,1,0,0,0,0,0,0,3,,3,4,4,1,1,1,1,1,1,2,1,1,1,1,1,2,1,1,1,1,1,3,1,2,2,1,1,3,1,2,2,2,2,2,2,2,2,2,2,2,2,,,,,,,,,,,2,2,2,2,2,2,2,2,2,2,2,11,3,3,4,7,17,5,5,5,4,4,3,5,5,5,4,4,4,27,1
113,1,43,7,13,3,1,1,4,4,3,1,High,0,0,0,0,0,0,0,0,0,0,0,0,0,0,0,0,0,0,0,0,0,1,0,0,0,0,0,0,0,0,0,0,0,3,,2,2,2,3,3,3,3,3,3,3,4,3,3,3,3,3,2,3,4,4,4,2,2,2,2,3,2,4,2,2,2,2,2,2,2,,2,2,2,2,2,,,,,,,,,,,2,2,2,2,2,,2,2,2,2,2,6,9,9,10,17,31,3,2,2,1,1,1,3,2,2,2,2,1,10,1
114,1,39,6,14,3,2,2,7,5,4,3,Low,0,0,0,0,0,0,0,0,0,0,0,0,0,0,0,0,0,0,0,0,0,0,0,0,0,0,0,0,1,0,0,0,0,3,,4,4,4,1,1,1,1,1,1,1,1,1,1,1,1,1,1,1,1,1,1,1,1,1,1,1,1,1,1,2,2,2,2,2,2,,2,2,2,2,2,,,,,,,,,,,2,2,2,2,2,,2,2,2,2,2,12,3,3,3,6,11,5,5,5,5,5,5,5,5,5,5,5,5,30,1
115,1,48,8,11,3,2,2,4,3,5,1,High,0,0,0,0,0,0,0,0,1,0,0,0,0,0,0,0,0,0,0,0,0,0,0,0,0,0,0,0,0,0,0,0,0,3,,1,1,1,2,3,3,4,4,4,2,4,4,4,4,4,4,3,2,2,2,2,4,3,4,2,3,3,3,3,2,2,2,2,2,2,,2,2,2,2,2,,,,,,,,,,,2,2,2,2,2,,2,2,2,2,2,3,8,12,10,21,31,1,2,1,1,1,1,1,3,1,2,1,1,7,1
116,1,51,9,14,3,2,2,5,5,4,1,High,0,0,0,0,0,0,0,0,1,0,0,0,0,0,0,0,0,0,0,0,0,0,0,0,0,0,0,0,0,0,0,0,0,3,,2,2,2,3,3,3,3,3,3,3,3,3,3,3,2,3,3,3,3,3,3,4,3,4,3,2,1,1,2,2,2,2,2,2,2,,2,2,2,2,2,,,,,,,,,,,2,2,2,2,2,,2,2,2,1,2,6,9,9,9,17,29,3,2,2,2,1,1,3,2,2,2,2,2,11,1
118,1,60,11,12,3,1,1,2,2,4,3,Low,0,0,0,0,0,0,0,0,0,0,0,0,0,0,0,0,0,0,0,0,0,0,0,0,0,0,1,0,0,0,0,0,0,3,,2,2,2,1,1,1,1,1,1,1,1,1,1,1,1,1,1,1,1,1,1,1,1,1,1,1,1,1,1,2,2,2,2,2,2,,2,2,2,2,2,,,,,,,,,,,2,2,2,2,2,,2,2,2,2,2,6,3,3,3,6,11,3,5,5,5,5,5,3,5,5,5,5,5,28,1
119,1,24,3,12,3,1,1,4,2,1,1,High,0,1,0,0,0,0,0,0,0,0,0,0,0,0,0,0,0,0,0,0,0,0,0,0,0,0,1,0,0,0,0,1,0,2,,2,2,2,2,2,2,4,4,4,4,3,3,3,3,3,3,3,2,3,2,3,4,2,4,3,2,2,1,3,2,2,2,2,2,2,,2,2,2,2,2,,,,,,,,,,,2,2,2,2,2,,2,2,2,2,2,6,6,12,10,17,29,3,3,1,1,1,1,3,3,1,2,2,2,10,1
120,1,49,8,13,3,2,1,5,3,3,1,High,0,0,0,0,0,0,0,0,0,0,0,0,0,0,0,0,0,0,0,0,0,0,0,0,0,0,0,0,0,0,0,0,1,3,,2,2,2,3,3,3,4,4,4,4,3,3,3,3,3,3,3,2,2,2,2,3,3,3,2,3,2,3,4,2,2,2,2,2,2,,2,2,2,2,2,,,,,,,,,,,2,2,2,2,2,,2,2,2,2,2,6,9,12,10,17,29,3,2,1,1,1,1,3,2,1,2,2,2,9,1
121,1,35,6,13,3,2,1,4,4,1,3,Low,0,0,0,0,0,0,0,0,0,0,0,0,0,0,0,0,0,0,0,0,0,0,0,0,0,0,0,0,0,0,0,1,0,2,,4,4,4,1,1,1,1,1,1,1,1,1,1,1,1,1,1,1,1,1,1,1,1,1,1,1,1,1,1,2,2,2,2,2,2,,2,2,2,2,2,,,,,,,,,,,2,2,2,2,2,,2,2,2,2,2,12,3,3,3,6,11,5,5,5,5,5,5,5,5,5,5,5,5,30,1
122,1,60,11,11,3,2,2,5,4,3,3,Low,0,0,0,0,0,0,0,0,0,0,0,0,0,0,0,0,0,0,0,0,0,0,0,0,0,0,0,0,0,0,0,1,0,3,,3,3,3,1,1,1,1,1,1,1,1,1,1,1,1,1,1,1,1,1,1,1,1,1,1,1,1,1,1,2,2,2,2,2,2,,2,2,2,2,2,,,,,,,,,,,2,2,2,2,2,,2,2,2,2,2,9,3,3,3,6,11,4,5,5,5,5,5,4,5,5,5,5,5,29,1
123,1,53,9,13,3,2,2,5,5,3,2,Middle,0,0,0,0,0,0,0,0,0,0,0,0,0,0,0,0,0,0,0,0,0,0,0,0,0,0,1,0,0,0,0,0,0,3,,1,1,1,1,1,1,2,1,2,3,1,1,1,1,1,1,1,1,1,1,1,2,1,1,1,1,1,1,3,2,2,2,2,2,2,,2,2,2,2,2,,,,,,,,,,,2,2,2,2,2,,2,2,2,2,2,3,3,5,5,6,14,1,5,3,3,5,4,1,5,3,3,5,4,21,1
124,1,52,9,14,3,2,2,4,4,5,2,Middle,0,0,0,0,0,0,0,0,0,0,0,0,0,0,0,0,0,0,0,0,0,0,0,0,0,0,1,0,0,0,0,0,0,3,,3,3,3,2,2,2,2,2,2,1,2,2,1,2,2,2,2,1,1,1,2,1,2,3,1,1,1,1,4,2,2,2,2,2,2,,2,2,2,2,2,,,,,,,,,,,2,2,2,2,2,,2,2,2,2,2,9,6,6,5,10,18,4,3,3,3,3,3,4,3,3,3,3,3,19,1
125,1,30,5,14,3,1,1,3,3,3,2,Middle,0,0,0,0,0,0,0,0,0,0,0,0,0,0,0,0,0,0,0,0,0,0,0,0,0,0,1,0,0,0,0,0,0,3,,2,2,2,2,2,3,2,2,3,2,2,1,2,3,2,2,2,1,1,1,2,2,1,2,1,2,1,2,2,2,2,2,2,2,2,,2,2,2,2,2,,,,,,,,,,,2,2,2,2,2,,2,2,2,2,2,6,7,7,5,12,17,3,3,3,3,3,3,3,3,3,3,3,4,18,1
126,1,61,11,13,3,2,2,6,5,3,2,Middle,0,0,0,0,0,0,0,0,0,0,0,0,0,0,0,0,0,0,0,0,0,0,0,0,1,0,0,0,0,0,0,0,0,3,,1,1,1,2,2,2,2,1,3,2,1,1,1,2,2,2,1,1,1,1,2,2,2,2,1,2,1,1,2,2,2,2,2,2,2,,2,2,2,2,2,,,,,,,,,,,2,2,2,2,2,,2,2,2,2,2,3,6,6,4,9,17,1,3,3,4,3,3,1,3,3,4,3,4,17,1
127,1,28,4,11,3,2,2,2,2,3,2,Middle,0,0,0,0,0,0,0,0,0,0,0,0,0,0,0,0,0,0,0,0,0,0,0,0,0,0,0,0,0,0,0,0,1,3,,4,3,3,3,4,3,3,3,2,3,1,1,1,1,1,1,1,1,1,1,1,1,1,1,1,1,1,1,1,2,2,2,2,2,2,,2,2,2,2,2,,,,,,,,,,,2,2,2,2,2,,2,2,2,2,2,10,10,8,5,6,11,5,1,2,3,5,5,5,2,3,3,5,5,21,1
129,1,41,7,12,3,1,1,10,1,9,1,High,0,0,0,0,0,0,0,0,0,0,0,0,0,0,0,0,0,0,0,0,0,0,0,0,0,0,0,0,0,0,0,0,1,10,,1,1,1,3,3,2,3,2,3,2,4,4,3,3,4,3,2,3,1,1,1,1,1,3,1,3,1,4,3,2,2,2,2,2,2,,2,2,2,2,2,,,,,,,,,,,2,2,2,2,2,,2,2,2,2,2,3,8,8,10,18,20,1,2,2,1,1,3,1,3,3,2,1,3,10,1
130,1,54,9,11,3,2,2,4,4,3,1,High,0,0,0,0,0,0,0,0,0,0,0,0,0,0,0,0,0,0,0,0,0,0,0,0,0,0,1,0,0,0,0,0,0,3,,2,2,2,3,3,3,4,4,3,3,3,3,3,3,3,3,2,3,2,1,2,1,3,2,3,3,2,2,1,2,2,2,2,2,2,,2,2,2,2,2,,,,,,,,,,,2,2,2,2,2,,2,2,2,2,2,6,9,11,9,17,22,3,2,1,2,1,2,3,2,2,2,2,3,11,1
131,1,46,8,13,3,2,2,3,3,4,2,Middle,0,0,0,0,0,0,0,0,0,0,0,0,0,0,0,0,0,0,0,0,0,0,0,0,1,0,0,0,0,0,0,0,0,3,,2,2,2,2,2,2,2,3,3,3,2,2,2,2,2,2,1,2,1,2,2,3,3,3,1,2,1,1,1,2,2,2,2,2,2,,2,2,2,2,2,,,,,,,,,,,2,2,2,2,2,,2,2,2,2,2,6,6,8,7,11,20,3,3,2,3,3,3,3,3,3,3,3,3,17,1
132,1,43,7,13,3,1,1,3,3,4,3,Low,0,0,0,0,0,0,0,0,0,0,0,0,0,0,0,0,0,0,0,0,0,0,0,1,0,0,0,0,0,0,0,0,0,3,,1,1,1,1,1,1,1,1,1,1,1,1,1,1,1,1,1,1,1,1,1,1,1,1,1,1,1,1,1,2,2,2,2,2,2,,2,2,2,2,2,,,,,,,,,,,2,2,2,2,2,,2,2,2,2,2,3,3,3,3,6,11,1,5,5,5,5,5,1,5,5,5,5,5,26,1
133,1,42,7,11,3,2,2,3,3,5,2,Middle,0,0,0,0,0,0,0,0,1,0,0,0,0,0,0,0,0,0,0,0,0,0,0,0,0,0,0,0,0,0,0,0,0,3,,3,3,3,3,2,3,3,2,3,3,2,2,2,2,1,2,2,2,2,2,2,2,2,2,1,2,2,2,2,2,2,2,2,2,2,,2,2,2,2,2,,,,,,,,,,,2,2,2,2,2,,2,2,2,2,2,9,8,8,7,11,21,4,2,2,3,3,3,4,3,3,3,3,3,17,1
134,1,29,4,13,3,1,1,2,2,3,3,Low,0,0,0,0,0,0,0,0,0,0,0,0,0,0,0,0,0,0,0,0,0,0,0,0,0,0,0,0,0,0,0,1,0,3,,3,3,1,1,1,1,1,1,1,1,1,1,1,1,1,1,1,1,1,1,1,1,1,2,1,1,1,1,3,2,2,2,2,2,2,,2,2,2,2,2,,,,,,,,,,,2,2,2,2,2,,2,2,2,2,2,7,3,3,3,6,14,3,5,5,5,5,4,3,5,5,5,5,4,27,1
135,1,27,4,13,3,1,1,6,2,3,1,High,0,0,0,0,0,0,0,0,0,0,1,0,0,0,0,0,0,0,0,0,0,0,0,0,0,0,0,0,0,0,0,1,0,3,,1,1,1,1,2,2,4,4,4,4,4,4,4,4,4,4,4,4,1,1,2,4,4,4,2,4,2,2,2,2,2,2,2,2,2,,2,2,2,2,2,,,,,,,,,,,2,2,2,2,2,,2,2,2,2,2,3,5,12,12,24,28,1,4,1,1,1,1,1,4,1,1,1,2,9,1
136,1,49,8,13,3,2,2,6,6,3,1,High,0,0,0,0,0,0,0,0,0,0,0,0,0,0,0,0,0,0,0,0,0,0,0,0,0,1,0,0,0,0,0,0,0,3,,2,2,2,2,2,2,2,4,4,3,4,4,3,4,4,4,4,4,4,4,4,4,4,3,4,4,4,4,4,2,2,2,2,2,2,,2,2,2,2,2,,,,,,,,,,,2,2,2,2,2,,2,2,2,1,2,6,6,10,11,23,43,3,3,2,1,1,1,3,3,2,1,1,1,11,1
137,1,45,8,14,3,2,2,5,5,3,2,Middle,0,0,0,0,0,0,0,0,0,0,0,0,0,0,0,0,0,0,0,0,0,0,0,0,0,0,0,0,1,0,0,0,0,3,,3,3,3,2,2,2,3,3,2,2,1,1,1,1,1,1,1,1,1,2,2,3,1,3,1,1,1,2,1,2,2,2,2,2,2,,2,2,2,2,2,,,,,,,,,,,2,2,2,2,2,,2,2,2,2,2,9,6,8,4,6,18,4,3,2,4,5,3,4,3,3,4,5,3,21,1
138,1,32,5,14,3,1,1,1,1,9,1,High,0,0,0,0,0,0,0,0,0,0,0,0,0,0,0,0,0,0,0,0,0,0,1,0,0,0,0,0,0,0,0,0,0,10,,2,2,1,3,3,3,3,3,3,3,4,3,4,3,3,4,2,3,1,1,2,2,2,2,1,2,1,2,1,2,2,2,2,2,2,,2,2,2,2,2,,,,,,,,,,,2,2,2,2,2,,2,2,2,2,2,5,9,9,10,19,17,2,2,2,1,1,3,2,2,2,2,1,4,11,1
139,1,44,7,13,3,2,1,4,4,3,2,Middle,0,0,0,0,0,0,0,0,0,0,0,0,0,0,0,0,0,0,0,0,0,0,0,0,0,0,1,0,0,0,0,1,0,3,,2,2,2,3,3,1,1,1,1,1,1,1,1,3,1,2,1,1,1,1,4,3,2,2,1,2,2,3,1,2,2,2,2,2,2,,2,2,2,2,2,,,,,,,,,,,2,2,2,2,2,,2,2,2,1,2,6,7,3,3,9,22,3,3,5,5,3,2,3,3,5,5,3,3,21,1
140,1,53,9,12,3,1,1,1,1,7,1,High,0,0,0,0,0,0,0,0,0,0,0,0,0,0,0,0,0,0,0,0,0,0,0,0,0,0,1,0,0,0,0,0,0,9,,1,1,1,3,3,3,4,4,4,3,3,1,4,4,4,4,4,4,2,2,2,2,1,2,2,2,2,2,2,2,2,2,2,2,2,,2,2,2,2,2,,,,,,,,,,,2,2,2,2,2,,2,2,2,2,2,3,9,12,7,24,21,1,2,1,3,1,3,1,2,1,3,1,3,11,1
141,1,47,8,13,3,1,1,4,2,3,1,High,0,0,0,0,0,0,0,0,0,0,0,0,0,0,0,0,0,0,0,0,0,0,0,0,0,0,0,0,0,0,0,0,1,3,,1,1,1,4,4,4,4,4,4,4,4,4,4,4,4,4,4,4,4,4,3,3,3,3,3,3,3,3,2,2,2,2,2,2,2,,2,2,2,2,2,,,,,,,,,,,2,2,2,2,2,,2,2,2,2,2,3,12,12,12,24,34,1,1,1,1,1,1,1,1,1,1,1,1,6,1
142,1,46,8,13,3,2,1,3,3,5,3,Low,0,0,0,0,0,0,0,0,0,0,0,1,0,0,0,0,0,0,0,0,0,0,0,0,0,0,0,0,0,0,0,0,0,3,,2,2,2,1,1,1,1,1,1,1,1,1,1,1,1,1,1,1,1,1,1,1,1,1,1,1,1,1,1,2,2,2,2,2,2,,2,2,2,2,2,,,,,,,,,,,2,2,2,2,2,,2,2,2,2,2,6,3,3,3,6,11,3,5,5,5,5,5,3,5,5,5,5,5,28,1
143,1,49,8,14,3,2,2,5,5,4,1,High,0,1,0,0,0,0,0,0,0,0,0,0,0,0,0,0,0,0,0,0,0,0,0,0,0,0,0,0,0,0,0,0,0,1,,1,2,2,2,3,4,4,4,4,3,4,4,4,4,4,3,4,4,3,2,2,2,2,2,3,3,3,3,3,2,2,2,2,2,2,,2,2,2,2,2,,,,,,,,,,,2,2,2,2,2,,2,2,2,2,2,5,9,12,11,23,28,2,2,1,1,1,1,2,2,1,1,1,2,8,1
144,1,40,7,13,3,2,1,6,4,3,1,High,0,0,0,0,0,0,0,0,0,0,0,0,0,0,0,0,0,0,0,0,0,0,0,0,0,0,0,0,0,0,0,0,1,3,,4,4,4,4,4,3,3,4,4,4,4,4,4,4,3,4,4,4,3,4,4,4,4,4,3,3,4,4,4,2,2,2,2,2,2,,2,2,2,2,2,,,,,,,,,,,2,2,2,2,2,,2,2,2,2,2,12,11,11,12,23,41,5,1,1,1,1,1,5,1,2,1,1,1,10,1
145,1,26,4,12,3,1,1,5,3,1,3,Low,0,0,0,0,0,0,0,0,0,0,0,0,0,0,0,0,0,0,0,0,0,0,0,0,0,0,0,0,0,0,0,1,0,2,,4,4,3,1,1,1,1,1,1,1,1,1,1,1,1,1,1,1,1,1,1,1,1,1,1,1,1,1,1,2,2,2,2,2,2,,2,2,2,2,2,,,,,,,,,,,2,2,2,2,2,,2,2,2,1,2,11,3,3,3,6,11,5,5,5,5,5,5,5,5,5,5,5,5,30,1
146,1,29,4,13,3,1,1,4,4,3,3,Low,0,0,0,0,0,0,0,0,0,0,0,0,0,0,0,0,0,0,0,0,0,0,0,0,0,0,0,0,0,0,0,0,1,3,,3,3,3,2,2,2,1,1,1,1,1,1,1,1,1,2,1,1,1,1,1,1,1,1,1,1,1,1,1,2,2,2,2,2,2,,2,2,2,2,2,,,,,,,,,,,2,2,2,2,2,,2,2,2,2,2,9,6,3,3,7,11,4,3,5,5,4,5,4,3,5,5,4,5,26,1
147,1,36,6,14,3,2,2,4,4,3,1,High,0,0,0,0,0,0,0,0,0,0,0,0,0,0,0,0,0,0,0,0,0,0,0,0,0,0,1,0,0,0,0,0,0,3,,1,2,2,3,4,4,3,3,2,3,4,3,4,3,3,3,3,4,1,2,2,2,2,2,2,3,2,3,2,2,2,2,2,2,2,,2,2,2,2,2,,,,,,,,,,,2,2,2,2,2,,2,2,2,2,2,5,11,8,10,20,23,2,1,2,1,1,2,2,1,3,2,1,3,9,1
148,1,33,5,13,3,1,1,5,3,3,1,High,0,0,0,0,0,0,0,0,0,0,0,0,0,0,0,0,0,0,0,0,0,0,0,0,0,0,0,0,0,0,0,0,1,3,,2,2,1,2,2,1,4,3,4,4,4,4,4,4,4,4,4,4,4,4,4,4,4,4,1,1,3,3,3,2,2,2,2,2,2,,2,2,2,2,2,,,,,,,,,,,2,2,2,2,2,,2,2,2,2,2,5,5,11,12,24,35,2,4,1,1,1,1,2,4,2,1,1,1,10,1
149,1,42,7,11,3,1,1,1,1,7,1,High,0,0,0,0,0,0,0,0,0,0,0,0,0,0,0,0,0,0,0,0,0,0,0,0,0,0,0,0,0,0,0,0,1,7,,1,1,1,3,3,3,3,3,3,3,3,3,3,3,3,3,3,3,1,1,1,1,3,3,1,1,1,1,3,2,2,2,2,2,2,,2,2,2,2,2,,,,,,,,,,,2,2,2,2,2,,2,2,2,2,2,3,9,9,9,18,17,1,2,2,2,1,3,1,2,2,2,1,4,11,1
150,1,33,5,13,3,1,1,4,4,4,3,Low,0,0,0,0,0,0,0,0,0,0,0,0,0,0,0,0,0,0,0,0,0,0,0,0,0,0,0,0,1,0,0,0,0,3,,4,4,4,1,1,2,1,1,1,1,1,1,1,1,1,1,1,1,1,1,1,4,1,3,1,1,1,2,1,2,2,2,2,2,2,,2,2,2,2,2,,,,,,,,,,,2,2,2,2,2,,2,2,2,2,2,12,4,3,3,6,17,5,4,5,5,5,3,5,4,5,5,5,4,27,1
151,1,48,8,14,3,2,2,4,4,3,3,Low,0,0,0,0,0,0,0,0,0,0,0,0,0,0,0,0,0,0,0,0,0,0,0,0,1,0,0,0,0,0,0,0,0,3,,3,3,3,2,2,2,1,1,1,1,1,1,1,1,1,1,1,1,1,1,1,2,1,2,1,1,1,1,1,2,2,2,2,2,2,,2,2,2,2,2,,,,,,,,,,,2,2,2,2,2,,2,2,2,2,2,9,6,3,3,6,13,4,3,5,5,5,4,4,3,5,5,5,5,26,1
152,1,24,3,13,3,1,1,6,3,5,2,Middle,0,0,0,0,0,0,0,0,0,0,0,0,0,0,0,0,0,0,0,0,0,0,0,0,0,0,1,0,0,0,0,0,0,3,,4,3,2,1,2,2,2,2,2,2,2,2,2,2,2,2,2,2,1,1,1,1,1,3,1,1,1,1,2,2,2,2,2,2,2,,2,2,2,2,2,,,,,,,,,,,2,2,2,2,2,,2,2,2,2,2,9,5,6,6,12,14,4,4,3,3,3,4,4,4,3,3,3,4,21,1
153,1,38,6,13,3,1,1,4,3,4,1,High,0,0,0,0,0,0,0,0,0,0,0,0,0,0,0,0,0,0,0,0,0,0,0,0,0,0,0,0,1,0,0,0,0,3,,1,1,1,1,1,1,4,4,4,4,4,3,4,2,4,3,4,2,3,2,4,3,2,3,2,3,3,2,4,2,2,2,2,2,2,,2,2,2,2,2,,,,,,,,,,,2,2,2,2,2,,2,2,2,2,2,3,3,12,11,19,31,1,5,1,1,1,1,1,5,1,1,1,1,10,1
154,1,33,5,12,3,2,2,4,3,3,1,High,0,0,0,0,0,0,0,0,0,0,0,0,0,0,0,0,0,0,0,0,0,0,0,1,0,0,0,0,0,0,0,0,0,3,,1,2,2,3,3,3,4,3,3,3,3,3,3,3,3,3,4,2,2,3,2,3,3,2,3,3,2,3,3,2,2,2,2,2,2,,2,2,2,2,2,,,,,,,,,,,2,2,2,2,2,,2,2,2,2,2,5,9,10,9,18,29,2,2,2,2,1,1,2,2,2,2,1,2,10,1
155,1,52,9,14,3,2,2,4,3,3,1,High,0,0,0,0,0,0,0,0,0,0,0,0,0,0,0,0,0,0,0,0,0,0,0,0,0,0,0,0,0,0,1,0,0,3,,1,1,1,3,3,4,3,3,3,3,4,3,4,4,3,3,3,3,1,1,2,1,3,4,2,2,3,2,3,2,2,2,2,2,2,,2,2,2,2,2,,,,,,,,,,,2,2,2,2,2,,2,2,2,1,2,3,10,9,10,20,24,1,1,2,1,1,2,1,2,2,2,1,2,8,1
156,1,32,5,11,3,1,1,2,2,4,1,High,0,1,0,0,0,0,0,0,0,0,0,0,0,0,0,0,0,0,0,0,0,0,0,0,0,0,0,0,0,0,0,0,0,3,,2,2,2,3,2,3,3,3,3,3,3,3,3,3,3,3,3,2,2,2,3,3,3,3,3,3,2,3,3,2,2,2,2,2,2,,2,2,2,2,2,,,,,,,,,,,2,2,2,2,2,,2,2,2,2,2,6,8,9,9,17,30,3,2,2,2,1,1,3,3,2,2,2,1,11,1
157,1,20,3,11,3,1,1,5,2,1,2,Middle,0,0,0,0,0,0,0,0,0,0,0,0,0,0,0,0,0,0,0,0,0,0,0,0,0,0,0,0,0,0,0,1,0,2,,3,3,3,2,3,2,2,2,4,3,2,2,3,3,3,3,3,2,3,1,1,1,1,3,1,1,1,1,1,2,2,2,2,2,2,,2,2,2,2,2,,,,,,,,,,,2,2,2,2,2,,2,2,2,1,2,9,7,8,7,17,15,4,3,2,3,1,4,4,3,3,3,2,4,17,1
158,1,27,4,13,3,1,1,3,3,4,3,Low,0,0,0,0,0,0,0,0,0,0,0,0,0,0,0,0,0,0,0,0,0,0,0,0,0,0,0,0,0,0,0,0,1,3,,3,3,3,1,1,1,1,1,1,1,1,1,1,1,1,1,1,1,1,1,1,1,1,1,1,1,1,1,1,2,2,2,2,2,2,,2,2,2,2,2,,,,,,,,,,,2,2,2,2,2,,2,2,2,2,2,9,3,3,3,6,11,4,5,5,5,5,5,4,5,5,5,5,5,29,1
159,1,30,5,11,3,1,1,3,3,3,1,High,0,0,0,0,0,0,0,0,0,0,0,0,0,0,0,0,0,0,0,0,0,0,0,0,0,0,0,0,0,0,0,0,1,3,,3,1,4,4,4,3,4,4,4,2,4,4,3,4,4,4,4,4,4,4,4,3,4,3,4,1,1,1,1,2,2,2,2,2,2,,2,2,2,2,2,,,,,,,,,,,2,2,2,2,2,,2,2,2,2,2,8,11,12,10,23,30,4,1,1,1,1,1,4,1,1,2,1,1,9,1
160,1,37,6,13,3,2,2,4,4,4,1,High,0,0,0,0,0,0,0,0,1,0,0,0,0,0,0,0,0,0,0,0,0,0,0,0,0,0,0,0,0,0,0,0,0,3,,4,4,4,4,4,4,4,4,4,4,4,4,4,4,4,4,4,3,4,4,4,4,4,4,4,4,4,4,4,2,2,2,2,2,2,,2,2,2,2,2,,,,,,,,,,,2,2,2,2,2,,2,2,2,2,2,12,12,12,12,23,44,5,1,1,1,1,1,5,1,1,1,1,1,10,1
161,1,42,7,13,3,2,2,10,10,4,2,Middle,0,0,0,0,0,0,0,0,0,0,0,0,0,0,0,0,0,0,0,0,0,0,0,0,0,0,0,0,1,0,0,0,0,3,,3,2,1,2,2,3,2,2,2,2,2,1,1,1,1,1,2,1,1,1,1,1,1,1,1,1,1,1,1,2,2,2,2,2,2,,2,2,2,2,2,,,,,,,,,,,2,2,2,2,2,,2,2,2,2,2,6,7,6,5,7,11,3,3,3,3,4,5,3,3,3,3,4,5,21,1
162,1,62,11,13,3,2,2,2,2,6,2,Middle,0,0,0,0,0,0,0,0,0,0,0,0,0,0,0,0,0,0,0,0,0,0,0,0,0,0,0,0,0,0,0,0,1,8,,1,1,1,3,3,2,3,1,2,1,1,1,3,3,3,3,3,1,1,1,1,1,1,2,1,2,1,1,1,2,2,2,2,2,2,,2,2,2,2,2,,,,,,,,,,,2,2,2,2,2,,2,2,2,1,2,3,8,6,3,16,13,1,2,3,5,2,4,1,3,3,5,2,5,17,1
163,1,47,8,13,3,2,2,5,5,5,3,Low,0,0,0,0,0,0,0,0,0,0,0,0,0,0,0,0,0,0,0,0,0,0,0,0,0,0,0,0,0,0,0,1,0,3,,1,1,1,1,1,1,1,1,1,1,1,1,1,1,1,1,1,1,1,1,1,1,1,1,1,1,1,1,1,2,2,2,2,2,2,,2,2,2,2,2,,,,,,,,,,,2,2,2,2,2,,2,2,2,2,2,3,3,3,3,6,11,1,5,5,5,5,5,1,5,5,5,5,5,26,1
164,1,59,10,11,3,1,1,4,4,4,1,High,0,0,0,0,0,0,0,0,0,0,0,0,0,0,0,0,0,0,0,0,0,0,0,0,0,0,0,0,1,0,0,0,0,3,,1,1,1,3,3,3,3,3,3,4,4,3,3,3,3,4,2,2,1,3,1,4,3,3,3,1,2,1,2,2,2,2,2,2,2,,2,2,2,2,2,,,,,,,,,,,2,2,2,2,2,,2,2,2,2,2,3,9,9,11,17,24,1,2,2,1,1,2,1,2,2,1,2,2,9,1
165,1,27,4,11,3,1,1,2,2,4,3,Low,0,0,0,0,0,0,0,0,0,0,0,0,0,0,0,0,0,0,0,0,0,0,0,0,0,0,0,0,1,0,0,0,0,3,,3,3,3,1,1,1,1,1,1,1,1,1,1,1,1,1,1,1,1,1,1,1,1,1,1,1,1,1,1,2,2,2,2,2,2,,2,2,2,2,2,,,,,,,,,,,2,2,2,2,2,,2,2,2,2,2,9,3,3,3,6,11,4,5,5,5,5,5,4,5,5,5,5,5,29,1
166,1,29,4,13,3,1,1,3,3,3,2,Middle,0,0,0,0,0,0,0,0,0,0,0,0,0,0,0,0,0,0,0,0,0,0,0,0,1,0,0,0,0,0,0,0,0,7,,3,2,2,2,2,2,2,2,2,2,2,2,1,1,1,2,2,3,2,2,2,2,2,2,2,2,2,2,2,2,2,2,2,2,2,,2,2,2,2,2,,,,,,,,,,,2,2,2,2,2,,2,2,2,2,2,7,6,6,6,10,22,3,3,3,3,3,2,3,3,3,3,3,3,17,1
167,1,33,5,13,3,1,1,2,2,9,2,Middle,0,0,0,0,0,0,0,0,0,0,0,0,0,0,0,0,0,0,0,0,0,1,0,0,0,0,0,0,0,0,0,0,0,10,,2,2,2,3,3,2,2,2,2,2,2,2,2,2,2,2,2,2,2,1,1,2,2,2,2,2,2,2,2,2,2,2,2,2,2,,2,2,2,2,2,,,,,,,,,,,2,2,2,2,2,,2,2,2,2,2,6,8,6,6,12,20,3,2,3,3,3,3,3,3,3,3,3,3,17,1
168,1,46,8,13,3,1,1,7,7,3,2,Middle,0,0,0,0,0,0,0,0,0,0,0,0,0,0,0,0,0,0,0,0,0,0,0,0,1,0,0,0,0,0,0,0,0,3,,4,3,4,4,1,2,3,3,1,2,2,3,2,2,2,2,3,2,3,2,3,2,2,3,3,3,2,1,3,2,2,2,2,2,2,,2,2,2,2,2,,,,,,,,,,,2,2,2,2,2,,2,2,2,2,2,11,7,7,7,13,27,5,3,3,3,2,1,5,3,3,3,2,2,17,1
169,1,27,4,12,3,1,1,3,3,1,2,Middle,0,0,0,0,0,0,0,0,0,0,0,0,0,0,0,0,0,0,0,0,0,0,0,0,0,0,0,0,0,0,0,1,0,2,,1,2,1,1,1,2,3,2,2,2,2,2,2,2,2,2,1,1,1,1,1,1,1,2,1,1,1,2,1,2,2,2,2,2,2,,2,2,2,2,2,,,,,,,,,,,2,2,2,2,2,,2,2,2,2,2,4,4,7,6,10,13,2,4,3,3,3,4,2,4,3,3,3,5,19,1
170,1,27,4,13,3,1,1,3,3,3,1,High,0,0,0,0,0,0,0,0,0,0,1,0,0,0,0,0,0,0,0,0,0,0,0,0,0,0,0,0,0,0,0,0,0,3,,3,3,3,4,4,4,2,2,2,3,4,3,3,3,3,4,3,4,4,4,3,4,3,4,4,4,4,4,2,2,2,2,2,2,2,,2,2,2,2,2,,,,,,,,,,,2,2,2,2,2,,2,2,2,2,2,9,12,6,10,20,40,4,1,3,1,1,1,4,1,3,2,1,1,11,1
171,1,65,11,13,3,2,1,4,4,2,3,Low,0,0,0,0,0,0,0,0,1,0,0,0,0,0,0,0,0,0,0,0,0,0,0,0,0,0,0,0,0,0,0,0,0,5,,3,4,4,3,3,2,1,1,1,1,1,1,1,1,1,1,1,1,1,1,1,1,1,2,1,1,1,1,1,2,2,2,2,2,2,,2,2,2,2,2,,,,,,,,,,,2,2,2,2,2,,2,2,2,2,2,11,8,3,3,6,12,5,2,5,5,5,4,5,3,5,5,5,5,26,1
172,1,35,6,14,3,1,1,3,3,4,1,High,0,0,0,0,0,0,0,0,0,0,0,0,0,0,0,0,0,0,0,0,0,0,0,0,0,0,1,0,0,0,0,0,0,3,,2,1,2,3,3,3,3,3,3,3,3,3,3,3,3,3,3,3,3,3,3,3,3,3,3,3,3,3,3,2,2,2,2,2,2,,2,2,2,2,2,,,,,,,,,,,2,2,2,2,2,,2,2,2,2,2,5,9,9,9,18,33,2,2,2,2,1,1,2,2,2,2,1,1,10,1
173,1,36,6,13,3,2,2,4,4,3,2,Middle,0,0,0,0,0,0,0,0,0,0,0,0,0,0,0,0,0,0,0,0,0,0,0,1,0,0,0,0,0,0,0,0,0,3,,2,2,2,2,2,2,3,2,2,3,2,2,1,2,2,2,2,2,2,1,1,1,1,3,1,1,1,1,1,2,2,2,2,2,2,,2,2,2,2,2,,,,,,,,,,,2,2,2,2,2,,2,2,2,1,2,6,6,7,7,11,14,3,3,3,3,3,4,3,3,3,3,3,4,19,1
174,1,54,9,12,3,1,1,2,2,3,1,High,0,0,0,0,0,0,0,0,0,0,0,0,0,0,0,0,0,0,0,0,0,0,0,0,0,0,0,0,0,0,0,0,1,3,,1,2,1,2,3,3,4,4,4,2,3,3,4,3,3,3,2,3,1,1,1,3,2,4,1,1,1,2,1,2,2,2,2,2,2,,2,2,2,2,2,,,,,,,,,,,2,2,2,2,2,,2,2,2,2,2,4,8,12,8,18,18,2,2,1,2,1,3,2,3,1,2,1,3,11,1
175,1,30,5,12,3,2,2,5,4,1,3,Low,0,0,0,0,0,0,0,0,0,0,0,0,0,0,0,0,0,0,0,0,0,0,0,0,1,0,0,0,0,0,0,1,0,2,,1,4,1,1,1,1,1,1,1,1,1,1,1,1,1,1,1,1,1,1,1,1,4,1,1,1,1,1,1,2,2,2,2,2,2,,2,2,2,2,2,,,,,,,,,,,2,2,2,2,2,,2,2,2,2,2,6,3,3,3,6,14,3,5,5,5,5,4,3,5,5,5,5,4,27,1
176,1,39,6,11,3,2,1,4,3,4,2,Middle,0,1,0,0,0,0,0,0,0,0,0,0,0,0,0,0,0,0,0,0,0,0,0,0,0,0,0,0,0,0,0,0,0,3,,4,4,4,3,3,3,3,3,2,3,3,1,1,3,3,1,1,1,2,1,3,3,3,3,1,2,1,1,1,2,2,2,2,2,2,,2,2,2,2,2,,,,,,,,,,,2,2,2,2,2,,2,2,2,2,2,12,9,8,7,10,21,5,2,2,3,3,3,5,2,3,3,3,3,18,1
177,1,34,5,14,3,1,1,3,2,1,2,Middle,0,0,0,0,0,0,0,0,0,0,0,0,0,0,0,0,0,0,0,0,0,0,0,0,0,0,0,0,0,0,0,1,0,2,,3,3,3,2,2,2,2,2,2,3,2,2,2,2,2,2,1,2,1,2,1,2,2,1,1,1,1,2,1,2,2,2,2,2,2,,2,2,2,2,2,,,,,,,,,,,2,2,2,2,2,,2,2,2,2,2,9,6,6,7,11,15,4,3,3,3,3,4,4,3,3,3,3,4,20,1
178,1,51,9,13,3,2,2,6,6,4,2,Middle,0,0,0,0,0,0,0,0,1,0,0,0,0,0,0,0,0,0,0,0,0,0,0,0,0,0,0,0,0,0,0,0,0,3,,2,2,2,2,2,2,1,1,1,2,2,2,2,2,2,2,2,2,4,2,2,2,2,2,2,3,4,3,3,2,2,2,2,2,2,,2,2,2,2,2,,,,,,,,,,,2,2,2,2,2,,2,2,2,2,2,6,6,3,6,12,29,3,3,5,3,3,1,3,3,5,3,3,2,18,1
179,1,56,10,14,3,2,2,8,7,3,2,Middle,0,1,0,0,0,0,0,0,0,0,0,0,0,0,0,0,0,0,0,0,0,1,0,0,0,0,0,0,0,0,0,0,0,3,,3,3,3,1,2,2,2,2,2,3,2,2,2,2,2,2,2,2,2,3,4,2,1,2,3,1,3,3,2,2,2,2,2,2,2,,2,2,2,2,2,,,,,,,,,,,2,2,2,2,2,,2,2,2,2,2,9,5,6,7,12,26,4,4,3,3,3,2,4,4,3,3,3,2,19,1
180,1,54,9,13,3,1,1,3,3,3,2,Middle,0,0,0,0,0,0,0,0,0,0,0,0,0,0,0,0,0,0,0,0,0,0,0,1,0,0,0,0,0,0,0,0,0,3,,2,2,2,2,2,2,2,2,2,2,2,2,2,2,2,2,2,2,2,2,2,2,2,2,2,2,2,2,2,2,2,2,2,2,2,,2,2,2,2,2,,,,,,,,,,,2,2,2,2,2,,2,2,2,1,2,6,6,6,6,12,22,3,3,3,3,3,2,3,3,3,3,3,3,17,1
181,1,55,10,12,3,1,1,2,2,5,1,High,0,0,0,0,0,0,0,0,0,0,0,0,0,0,0,0,0,0,0,0,0,0,0,0,0,0,1,0,0,0,0,0,0,3,,1,1,1,3,3,4,4,3,3,2,3,2,3,3,3,3,3,3,2,2,2,4,2,4,2,2,2,2,2,2,2,2,2,2,2,,2,2,2,2,2,,,,,,,,,,,2,2,2,2,2,,2,2,2,2,2,3,10,10,7,18,26,1,1,2,3,1,2,1,2,2,3,1,2,10,1
182,1,32,5,13,3,1,1,4,4,1,2,Middle,0,0,0,0,0,0,0,0,0,0,0,0,0,0,0,0,0,0,0,0,0,0,0,0,0,0,0,0,0,0,0,1,0,2,,1,1,1,1,1,2,2,2,2,2,2,1,2,1,1,1,1,1,1,1,2,1,1,3,1,1,1,1,1,2,2,2,2,2,2,,2,2,2,2,2,,,,,,,,,,,2,2,2,2,2,,2,2,2,2,2,3,4,6,5,7,14,1,4,3,3,4,4,1,4,3,3,4,4,19,1
183,1,25,4,13,3,1,1,,,4,1,High,0,0,0,0,0,0,0,0,0,0,0,0,0,0,0,0,0,0,0,0,0,0,0,0,0,0,0,0,0,0,1,0,0,3,,2,2,2,3,3,3,3,3,3,2,3,3,3,3,3,3,3,3,3,3,3,3,3,3,3,3,3,3,3,2,2,2,2,2,2,,2,2,2,2,2,,,,,,,,,,,2,2,2,2,2,,2,2,2,2,2,6,9,9,8,18,33,3,2,2,2,1,1,3,2,2,2,1,1,11,1
184,1,34,5,12,3,1,1,2,2,5,3,Low,0,0,0,0,0,0,0,0,0,0,0,0,0,0,0,0,0,0,0,0,0,0,0,0,0,0,1,0,0,0,0,0,0,3,,3,3,3,1,1,1,1,1,1,1,1,1,1,1,1,1,1,1,1,1,1,1,1,1,1,1,1,1,1,2,2,2,2,2,2,,2,2,2,2,2,,,,,,,,,,,2,2,2,2,2,,2,2,2,2,2,9,3,3,3,6,11,4,5,5,5,5,5,4,5,5,5,5,5,29,1
185,2,26,4,12,3,2,1,5,3,5,1,High,0,0,0,0,0,0,0,0,0,0,0,0,0,0,0,0,0,0,0,0,0,0,0,0,0,0,0,0,0,0,1,0,0,3,,1,1,1,2,2,3,3,3,3,2,3,3,3,3,3,3,3,3,2,3,3,3,2,3,2,2,2,3,3,2,2,2,2,2,2,2,2,2,2,2,2,,,,,,,,,,,2,2,2,2,2,2,2,2,2,1,2,3,7,9,8,18,28,1,3,2,2,1,1,1,3,2,2,1,2,11,1
186,2,42,7,13,3,2,2,5,2,3,1,High,1,0,0,0,0,0,0,0,0,1,0,0,0,0,0,0,0,0,0,0,0,0,0,0,0,0,0,0,0,0,0,0,0,7,,1,3,1,1,3,2,4,3,2,4,4,4,4,4,4,4,4,1,3,1,2,2,2,2,2,1,4,1,4,2,2,2,2,2,2,2,2,2,2,2,2,,,,,,,,,,,2,2,2,2,2,2,2,2,2,2,2,5,6,9,12,21,24,2,3,2,1,1,2,2,3,2,1,1,2,11,1
187,2,50,9,13,3,1,1,,,3,2,Middle,0,0,0,0,0,0,0,0,0,0,0,0,0,0,0,0,0,0,0,0,0,0,0,1,0,0,0,0,0,0,0,0,0,7,,2,2,1,2,2,2,2,1,2,2,2,2,2,2,2,2,2,2,2,2,2,2,2,2,2,2,2,2,1,2,2,2,2,2,2,2,2,2,2,2,2,,,,,,,,,,,2,2,2,2,2,2,2,2,2,1,2,5,6,5,6,12,21,2,3,3,3,3,3,2,3,3,3,3,3,17,1
188,2,30,5,13,3,1,1,3,3,3,3,Low,0,0,0,0,0,0,0,0,0,0,0,0,0,0,0,0,0,0,0,0,0,0,0,1,0,0,0,0,0,0,0,0,0,3,,2,2,2,1,1,1,1,1,1,1,1,1,1,1,1,1,1,1,1,1,1,1,1,2,1,1,1,1,1,2,2,2,2,2,2,2,2,2,2,2,2,,,,,,,,,,,2,2,2,2,2,2,2,2,2,2,2,6,3,3,3,6,12,3,5,5,5,5,4,3,5,5,5,5,5,28,1
189,2,40,7,14,3,1,1,4,4,3,3,Low,0,0,0,0,0,0,0,0,0,0,0,0,0,0,0,0,0,0,0,0,0,0,0,0,0,1,0,0,0,0,0,0,0,3,,2,3,3,1,1,1,2,2,1,1,1,1,1,1,1,1,1,1,1,1,1,1,1,1,1,1,1,1,1,2,2,2,2,2,2,2,2,2,2,2,2,,,,,,,,,,,2,2,2,2,2,2,2,2,2,2,2,8,3,5,3,6,11,4,5,3,5,5,5,4,5,3,5,5,5,27,1
190,2,34,5,12,3,1,1,2,2,3,1,High,0,0,0,0,0,0,0,0,0,0,0,0,0,0,0,0,0,0,0,0,0,0,0,0,0,0,0,0,0,0,0,0,1,3,,1,1,1,3,3,3,4,3,4,3,4,4,4,4,3,4,2,4,3,2,3,3,2,4,1,2,3,3,1,2,2,2,2,2,2,2,2,2,2,2,2,,,,,,,,,,,2,2,2,2,2,2,2,2,2,2,2,3,9,11,11,21,27,1,2,1,1,1,1,1,2,2,1,1,2,9,1
191,2,49,8,11,3,1,1,,,3,1,High,0,0,0,0,0,0,0,0,0,0,0,0,0,0,0,0,0,0,0,0,0,1,0,0,0,0,0,0,0,0,0,0,0,3,,1,1,1,3,3,4,4,4,3,4,3,3,3,3,4,3,3,3,1,2,2,4,3,3,2,2,1,1,3,2,2,2,2,2,2,2,2,2,2,2,2,,,,,,,,,,,2,2,2,2,2,2,2,2,2,2,2,3,10,11,10,19,24,1,1,1,1,1,2,1,2,2,2,1,2,10,1
192,2,51,9,13,3,2,2,6,3,3,1,High,0,0,0,0,0,0,0,0,0,0,0,0,0,0,0,0,0,0,0,0,0,0,0,0,0,0,0,0,0,0,0,0,1,3,,1,1,1,1,1,2,3,3,3,2,3,3,3,4,4,4,3,3,3,1,3,3,3,4,3,3,3,3,4,2,2,2,2,2,2,2,2,2,2,2,2,,,,,,,,,,,2,2,2,2,2,2,2,2,2,2,2,3,4,9,8,21,33,1,4,2,2,1,1,1,4,2,2,1,1,11,1
193,2,44,7,13,3,1,1,3,3,6,3,Low,0,0,0,0,0,0,0,0,0,0,0,0,0,0,0,0,0,0,0,0,0,0,0,0,0,0,1,0,0,0,0,0,0,8,,3,3,3,1,1,2,1,1,1,1,1,1,1,1,1,1,1,1,1,1,1,1,1,2,1,1,1,1,2,2,2,2,2,2,2,2,2,2,2,2,2,,,,,,,,,,,2,2,2,2,2,2,2,2,2,2,2,9,4,3,3,6,13,4,4,5,5,5,4,4,4,5,5,5,5,28,1
194,2,44,7,14,3,1,1,4,2,3,1,High,0,0,0,0,0,0,0,0,0,0,1,0,0,0,0,0,0,0,0,0,0,0,0,0,0,0,0,0,0,0,0,0,0,7,,1,1,1,3,3,3,3,4,4,1,3,3,4,4,3,4,4,4,4,4,2,1,3,1,4,3,4,3,4,2,2,2,2,2,2,2,2,2,2,2,2,,,,,,,,,,,2,2,2,2,2,2,2,2,2,2,2,3,9,11,7,23,33,1,2,1,3,1,1,1,2,2,3,1,1,10,1
195,2,27,4,14,3,1,1,10,3,4,2,Middle,0,0,0,0,0,0,0,0,1,0,0,0,0,0,0,0,0,0,0,0,0,0,0,0,0,0,0,0,0,0,0,0,0,3,,3,3,2,2,3,2,2,3,3,2,2,1,1,1,1,1,2,2,1,1,3,3,3,2,2,3,2,4,3,2,2,2,2,2,2,2,2,2,2,2,2,,,,,,,,,,,2,2,2,2,2,2,2,2,2,2,2,8,7,8,5,8,27,4,3,2,3,4,1,4,3,3,3,4,2,19,1
196,2,49,8,12,3,1,1,3,3,3,1,High,0,0,0,0,0,0,0,0,0,0,0,1,0,0,0,0,0,0,0,0,0,0,0,0,0,0,0,0,0,0,0,0,0,3,,1,1,1,4,4,4,3,3,3,3,3,3,3,3,3,3,1,4,2,4,3,4,2,4,3,2,2,2,3,2,2,2,2,2,2,2,2,2,2,2,2,,,,,,,,,,,2,2,2,2,2,2,2,2,2,2,2,3,12,9,9,17,31,1,1,2,2,1,1,1,1,2,2,2,1,9,1
197,2,56,10,13,3,2,2,4,1,9,2,Middle,0,0,0,0,0,0,0,0,0,0,0,0,0,0,0,0,0,0,0,0,0,0,0,0,0,0,0,0,0,0,0,0,1,10,,1,1,2,2,2,2,2,2,2,2,3,2,2,1,1,1,1,1,1,1,1,4,4,4,1,3,1,3,1,2,2,2,2,2,2,2,2,2,2,2,2,,,,,,,,,,,2,2,2,2,2,2,2,2,2,2,2,4,6,6,7,7,24,2,3,3,3,4,2,2,3,3,3,4,2,17,1
198,2,55,10,13,3,2,2,3,1,3,2,Middle,0,1,0,0,0,0,0,0,0,0,0,0,0,0,0,0,0,0,0,0,0,0,0,0,0,0,0,0,0,0,0,0,0,4,,2,2,2,1,2,1,3,3,3,2,3,1,2,1,2,2,2,2,1,1,2,2,2,3,2,2,1,2,2,2,2,2,2,2,2,2,2,2,2,2,2,,,,,,,,,,,2,2,2,2,2,2,2,2,2,2,2,6,4,9,6,11,20,3,4,2,3,3,3,3,4,2,3,3,3,18,1
199,2,47,8,13,3,1,1,2,2,3,1,High,0,0,0,0,0,0,0,0,0,0,0,0,0,0,0,0,0,0,0,0,0,0,0,0,0,0,1,0,0,0,0,0,0,3,,1,1,1,4,4,4,4,4,4,4,4,4,4,4,4,4,4,4,2,2,3,4,4,4,2,2,1,1,4,2,2,2,2,2,2,2,2,2,2,2,2,,,,,,,,,,,2,2,2,2,2,2,2,2,2,2,2,3,12,12,12,24,29,1,1,1,1,1,1,1,1,1,1,1,2,7,1
200,2,48,8,13,3,1,1,5,5,3,2,Middle,0,0,0,0,0,0,0,0,1,0,0,0,0,0,0,0,0,0,0,0,0,0,0,0,0,0,0,0,0,0,0,0,0,3,,2,2,2,2,2,2,2,1,2,2,2,2,2,2,2,2,2,2,1,1,2,2,2,2,1,1,1,2,2,2,2,2,2,2,2,2,2,2,2,2,2,,,,,,,,,,,2,2,2,2,2,2,2,2,2,2,2,6,6,5,6,12,17,3,3,3,3,3,3,3,3,3,3,3,4,19,1
201,2,60,11,14,3,1,1,3,3,3,3,Low,0,0,0,0,0,0,0,0,0,0,0,0,0,0,0,0,0,0,0,0,0,0,0,0,0,0,1,0,0,0,0,0,0,5,,3,3,3,1,1,1,1,1,1,1,1,1,1,1,1,1,1,1,1,1,1,1,1,1,1,2,1,2,1,2,2,2,2,2,2,2,2,2,2,2,2,,,,,,,,,,,2,2,2,2,2,2,2,2,2,1,2,9,3,3,3,6,13,4,5,5,5,5,4,4,5,5,5,5,5,29,1
202,2,25,4,11,3,1,1,4,2,3,1,High,0,0,0,0,0,0,0,0,0,0,0,0,0,0,0,0,0,0,0,0,0,0,0,0,0,0,0,0,0,0,0,0,1,3,,2,2,2,3,4,3,4,4,2,3,2,3,2,2,3,3,4,4,4,4,3,3,4,4,4,4,4,4,4,2,2,2,2,2,2,2,2,2,2,2,2,,,,,,,,,,,2,2,2,2,2,2,2,2,2,2,2,6,10,10,8,18,42,3,1,2,2,1,1,3,2,2,2,1,1,11,1
204,2,40,7,13,3,2,2,6,2,5,1,High,0,0,0,0,0,0,0,0,0,0,0,1,0,0,0,0,0,0,0,0,0,0,0,0,0,0,0,0,0,0,0,0,0,4,,1,1,1,1,1,3,4,4,4,2,4,2,4,4,4,4,4,4,3,3,4,4,4,4,1,2,2,2,4,2,2,2,2,2,2,2,2,2,2,2,2,,,,,,,,,,,2,2,2,2,2,2,2,2,2,2,2,3,5,12,8,24,33,1,4,1,2,1,1,1,4,1,2,1,1,10,1
205,2,55,10,13,3,1,1,3,2,3,2,Middle,0,0,0,0,0,0,0,0,0,0,0,0,0,0,0,0,0,0,0,0,0,0,0,0,0,0,1,0,0,0,0,0,0,3,,2,2,2,2,2,2,1,1,1,1,2,2,1,1,2,2,1,1,1,1,1,2,3,3,1,2,1,1,3,2,2,2,2,2,2,2,2,2,2,2,2,,,,,,,,,,,2,2,2,2,2,2,2,2,2,2,2,6,6,3,5,8,19,3,3,5,3,4,3,3,3,5,3,4,3,21,1
206,2,37,6,11,3,1,1,3,3,3,3,Low,0,0,0,0,0,0,0,0,0,0,0,0,0,0,0,0,0,0,0,0,0,0,0,0,0,0,0,0,0,0,0,1,0,2,,3,4,4,1,2,1,1,1,1,1,1,1,1,2,2,1,1,1,1,1,1,1,1,2,1,1,1,2,1,2,2,2,2,2,2,2,2,2,2,2,2,,,,,,,,,,,2,2,2,2,2,2,2,2,2,2,2,11,4,3,3,8,13,5,4,5,5,4,4,5,4,5,5,4,5,28,1
207,2,56,10,13,3,1,2,10,3,3,2,Middle,0,0,0,0,0,0,0,0,0,0,0,0,0,0,0,0,0,0,0,0,0,0,0,0,0,0,1,0,0,0,0,0,0,3,,2,2,2,3,3,2,2,1,2,1,2,2,2,2,3,2,3,1,1,1,2,2,3,2,2,1,1,1,1,2,2,2,2,2,2,2,2,2,2,2,2,,,,,,,,,,,2,2,2,2,2,2,2,2,2,2,2,6,8,5,5,13,17,3,2,3,3,2,3,3,3,3,3,2,4,18,1
209,2,40,7,13,3,1,1,3,3,3,1,High,0,1,0,0,0,0,0,0,0,0,0,0,0,0,0,0,0,0,0,0,0,0,0,0,0,0,0,0,0,0,0,0,0,3,,1,1,1,4,4,4,4,2,4,3,3,3,4,4,4,4,4,3,1,1,3,3,3,4,4,3,3,1,4,2,2,2,2,2,2,2,2,2,2,2,2,,,,,,,,,,,2,2,2,2,2,2,2,2,2,2,2,3,12,10,9,23,30,1,1,2,2,1,1,1,1,2,2,1,1,8,1
211,2,55,10,13,3,2,2,,,3,2,Middle,0,0,0,0,0,0,0,0,0,0,0,0,0,0,0,0,0,0,0,0,0,0,0,0,0,0,0,0,0,0,0,0,1,5,,2,2,2,2,2,2,1,1,2,1,2,1,2,1,2,2,2,2,2,1,1,1,2,3,1,1,1,1,1,2,2,2,2,2,2,2,2,2,2,2,2,,,,,,,,,,,2,2,2,2,2,2,2,2,2,2,2,6,6,4,4,11,15,3,3,4,4,3,4,3,3,4,4,3,4,21,1
212,2,33,5,13,3,2,1,,,1,1,High,0,0,0,0,0,0,0,0,0,0,0,0,0,0,0,0,0,0,0,0,0,0,0,0,0,0,0,0,0,0,0,1,0,2,,2,2,2,4,4,4,4,4,4,4,4,4,4,4,4,4,4,4,1,1,1,4,1,4,1,1,3,3,3,2,2,2,2,2,2,2,2,2,2,2,2,,,,,,,,,,,2,2,2,2,2,2,2,2,2,2,2,6,12,12,12,24,23,3,1,1,1,1,2,3,1,1,1,1,3,10,1
213,2,53,9,12,3,1,1,2,2,9,1,High,0,0,0,0,0,0,0,0,0,0,0,0,0,0,0,0,0,0,0,0,0,0,0,0,1,0,0,0,0,0,0,0,0,7,,1,1,1,2,2,4,4,4,4,4,4,4,4,4,4,4,2,2,4,4,4,4,4,4,2,4,4,4,4,2,2,2,2,2,2,2,2,2,2,2,2,,,,,,,,,,,2,2,2,2,2,2,2,2,2,2,2,3,8,12,12,20,42,1,2,1,1,1,1,1,3,1,1,1,1,8,1
214,2,38,6,13,3,1,1,3,3,5,3,Low,0,0,0,0,0,0,0,0,0,0,0,1,0,0,0,0,0,0,0,0,0,0,0,0,0,0,0,0,0,0,0,0,0,3,,3,3,3,2,2,1,1,1,2,1,2,1,1,1,1,1,1,1,1,1,1,2,1,1,1,1,1,1,1,2,2,2,2,2,2,2,2,2,2,2,2,,,,,,,,,,,2,2,2,2,2,2,2,2,2,1,2,9,5,4,4,6,12,4,4,4,4,5,4,4,4,4,4,5,5,26,1
216,2,51,9,11,3,2,1,6,3,3,1,High,0,0,0,0,0,0,0,0,1,0,0,0,0,0,0,0,0,0,0,0,0,0,0,0,0,0,0,0,0,0,0,0,0,3,,1,1,1,3,3,3,3,3,3,4,4,4,4,4,3,4,3,3,2,2,2,4,3,4,2,4,3,3,3,2,2,2,2,2,2,2,2,2,2,2,2,,,,,,,,,,,2,2,2,2,2,2,2,2,2,2,2,3,9,9,12,21,32,1,2,2,1,1,1,1,2,2,1,1,1,8,1
218,2,33,5,13,3,1,1,,,3,2,Middle,0,0,0,0,0,0,0,0,0,0,0,0,0,0,0,0,0,0,0,0,0,0,0,0,0,0,1,0,0,0,0,1,0,3,,2,2,2,2,2,2,2,2,2,2,3,2,2,2,2,2,2,3,1,1,1,3,1,3,1,1,1,2,1,2,2,2,2,2,2,2,2,2,2,2,2,,,,,,,,,,,2,2,2,2,2,2,2,2,2,2,2,6,6,6,7,13,16,3,3,3,3,2,3,3,3,3,3,2,4,18,1
219,2,44,7,14,3,2,2,3,1,9,2,Middle,0,0,0,0,0,0,0,0,1,0,0,0,0,0,0,0,0,0,0,0,0,0,0,0,0,0,0,0,0,0,0,0,0,10,,2,2,2,1,2,1,2,2,3,1,2,1,2,2,1,1,1,1,1,1,2,3,1,2,2,2,1,2,1,2,2,2,2,2,2,2,2,2,2,2,2,,,,,,,,,,,2,2,2,2,2,2,2,2,2,2,2,6,4,7,4,8,18,3,4,3,4,4,3,3,4,3,4,4,3,21,1
220,2,30,5,14,3,1,1,5,3,3,2,Middle,0,0,0,0,0,0,0,0,0,0,0,0,0,0,0,0,0,0,0,0,0,0,0,0,0,0,1,0,0,0,0,0,0,3,,2,2,2,2,2,2,1,1,2,1,2,1,2,2,2,2,2,1,1,1,2,2,1,2,1,1,2,1,1,2,2,2,2,2,2,2,2,2,2,2,2,,,,,,,,,,,2,2,2,2,2,2,2,2,2,1,2,6,6,4,4,11,15,3,3,4,4,3,4,3,3,4,4,3,4,21,1
221,2,29,4,13,3,1,1,3,2,5,2,Middle,0,0,0,0,0,0,0,0,0,0,0,0,0,0,0,0,0,0,0,0,0,0,0,0,0,0,1,0,0,0,0,0,0,3,,2,2,2,2,2,3,2,2,2,2,2,2,2,2,2,1,1,2,1,1,3,3,2,3,2,1,1,1,2,2,2,2,2,2,2,2,2,2,2,2,2,,,,,,,,,,,2,2,2,2,2,2,2,2,2,2,2,6,7,6,6,10,20,3,3,3,3,3,3,3,3,3,3,3,3,18,1
222,2,42,7,13,3,1,1,1,1,9,2,Middle,0,0,0,0,0,0,0,0,0,0,0,0,0,0,0,0,0,0,0,0,0,0,0,0,0,0,1,0,0,0,0,0,0,10,,4,3,3,2,2,2,3,2,3,1,2,1,1,2,1,2,1,2,1,3,2,3,4,2,1,1,1,1,1,2,2,2,2,2,2,2,2,2,2,2,2,,,,,,,,,,,2,2,2,2,2,2,2,2,2,2,2,10,6,8,4,9,20,5,3,2,4,3,3,5,3,3,4,3,3,21,1
223,2,55,10,13,3,2,2,5,2,9,1,High,0,0,0,0,0,0,0,0,0,0,0,0,0,0,0,0,0,0,0,0,0,0,0,0,0,0,0,0,0,0,0,0,1,10,,2,1,1,3,3,3,3,3,3,3,3,3,3,3,3,4,2,2,2,4,2,4,4,4,2,2,2,2,3,2,2,2,2,2,2,2,2,2,2,2,2,,,,,,,,,,,2,2,2,2,2,2,2,2,2,2,2,4,9,9,9,17,31,2,2,2,2,1,1,2,2,2,2,2,1,11,1
224,2,33,5,13,3,1,1,2,2,3,2,Middle,0,0,0,0,0,0,0,0,0,0,0,0,0,0,0,0,0,0,0,0,0,0,0,0,0,0,0,0,1,0,0,0,0,3,,2,2,2,2,1,2,1,2,2,1,2,1,1,2,2,1,2,1,1,1,2,2,1,3,1,1,1,2,1,2,2,2,2,2,2,2,2,2,2,2,2,,,,,,,,,,,2,2,2,2,2,2,2,2,2,2,2,6,5,5,4,9,16,3,4,3,4,3,3,3,4,3,4,3,4,21,1
225,2,38,6,13,3,1,1,,,5,2,Middle,0,0,0,0,0,0,0,0,0,0,0,0,0,0,0,0,0,0,0,0,0,1,0,0,0,0,1,0,0,0,0,0,0,5,,2,2,2,2,2,2,2,2,2,2,2,2,2,2,2,2,2,2,1,2,2,2,2,2,1,2,2,2,1,2,2,2,2,2,2,2,2,2,2,2,2,,,,,,,,,,,2,2,2,2,2,2,2,2,2,2,2,6,6,6,6,12,19,3,3,3,3,3,3,3,3,3,3,3,3,18,1
226,2,28,4,13,3,1,1,,,9,3,Low,0,0,0,0,0,0,0,0,1,0,0,0,0,0,0,0,0,0,0,0,0,1,0,0,0,0,0,0,0,0,0,0,0,10,,2,2,2,1,1,1,1,1,1,1,1,1,1,1,1,1,1,1,1,1,1,1,1,1,1,1,1,1,1,2,2,2,2,2,2,2,2,2,2,2,2,,,,,,,,,,,2,2,2,2,2,2,2,2,2,2,2,6,3,3,3,6,11,3,5,5,5,5,5,3,5,5,5,5,5,28,1
227,2,39,6,12,3,2,1,3,1,9,2,Middle,0,0,0,0,0,0,0,0,0,0,0,1,0,0,0,0,0,0,0,0,0,0,0,0,0,0,0,0,0,0,0,0,0,10,,1,2,1,3,3,2,2,1,2,1,2,1,2,1,1,1,1,2,1,1,3,3,1,1,1,2,1,2,1,2,2,2,2,2,2,2,2,2,2,2,2,,,,,,,,,,,2,2,2,2,2,2,2,2,2,2,2,4,8,5,4,8,17,2,2,3,4,4,3,2,3,3,4,4,4,20,1
228,2,52,9,13,3,1,1,9,3,3,1,High,0,0,0,0,0,0,0,0,0,0,0,0,0,0,0,0,0,0,0,0,0,0,0,0,0,0,1,0,0,0,0,0,0,3,,2,1,2,3,3,4,3,3,3,3,3,3,3,3,3,3,3,3,3,3,3,3,3,3,3,3,2,4,3,2,2,2,2,2,2,2,2,2,2,2,2,,,,,,,,,,,2,2,2,2,2,2,2,2,2,2,2,5,10,9,9,18,33,2,1,2,2,1,1,2,2,2,2,1,1,10,1
229,2,42,7,13,3,2,1,6,2,3,3,Low,0,0,0,0,0,0,0,0,0,0,0,0,0,0,0,0,0,0,0,0,0,0,0,0,0,0,0,0,0,0,0,0,1,5,,4,4,3,1,1,1,1,1,1,1,1,1,1,1,1,1,1,1,1,1,1,1,1,1,1,1,1,1,1,2,2,2,2,2,2,2,2,2,2,2,2,,,,,,,,,,,2,2,2,2,2,2,2,2,2,2,2,11,3,3,3,6,11,5,5,5,5,5,5,5,5,5,5,5,5,30,1
230,2,43,7,13,3,2,1,6,4,1,2,Middle,0,0,0,0,0,0,0,0,0,0,0,0,0,0,0,0,0,0,0,0,0,0,0,0,0,0,1,0,0,0,0,1,0,2,,2,2,2,3,3,3,3,3,2,2,2,2,2,2,2,2,1,2,1,1,1,2,2,3,1,1,1,1,1,2,2,2,2,2,2,2,2,2,2,2,2,,,,,,,,,,,2,2,2,2,2,2,2,2,2,2,2,6,9,8,6,11,15,3,2,2,3,3,4,3,2,3,3,3,4,18,1
231,2,36,6,13,3,1,1,3,3,5,1,High,0,0,0,0,0,0,0,0,0,0,0,0,0,0,0,0,0,0,0,0,0,0,0,0,0,0,0,0,0,0,0,0,1,3,,1,1,1,4,4,4,3,3,4,4,4,4,4,2,4,4,4,3,1,1,1,3,1,4,3,3,1,1,1,2,2,2,2,2,2,2,2,2,2,2,2,,,,,,,,,,,2,2,2,2,2,2,2,2,2,2,2,3,12,10,12,21,20,1,1,2,1,1,3,1,1,2,1,1,3,9,1
232,2,55,10,13,3,1,1,1,1,9,2,Middle,0,0,0,0,0,0,0,0,0,0,0,0,0,0,0,0,0,0,0,0,0,0,0,0,0,0,0,0,0,0,0,0,1,7,,2,2,2,2,2,3,2,2,2,2,2,2,2,2,2,2,2,2,2,2,2,2,2,2,2,2,1,2,2,2,2,2,2,2,2,2,2,2,2,2,2,,,,,,,,,,,2,2,2,2,2,2,2,2,2,2,2,6,7,6,6,12,21,3,3,3,3,3,3,3,3,3,3,3,3,18,1
233,2,46,8,12,3,1,1,,,5,2,Middle,0,0,0,0,0,0,0,0,0,0,0,0,0,0,0,0,0,0,0,0,0,0,0,0,0,0,0,0,0,0,1,0,0,3,,1,1,1,2,2,2,1,1,2,2,2,1,2,3,2,3,1,1,1,1,2,4,1,2,1,1,2,1,1,2,2,2,2,2,2,2,2,2,2,2,2,,,,,,,,,,,2,2,2,2,2,2,2,2,2,2,2,3,6,4,5,12,17,1,3,4,3,3,3,1,3,4,3,3,4,18,1
234,2,48,8,13,3,2,1,5,1,9,2,Middle,0,1,0,0,0,0,0,0,0,0,0,0,0,0,0,0,0,0,0,0,0,0,0,0,0,0,0,0,0,0,0,0,0,10,,2,2,2,1,1,2,2,2,2,1,2,2,1,2,2,2,2,1,1,1,1,1,1,2,1,2,1,3,2,2,2,2,2,2,2,2,2,2,2,2,2,,,,,,,,,,,2,2,2,2,2,2,2,2,2,2,2,6,4,6,5,10,16,3,4,3,3,3,3,3,4,3,3,3,4,20,1
235,2,53,9,14,3,2,1,5,3,5,2,Middle,0,0,0,0,0,0,0,0,0,0,0,0,0,0,0,0,0,0,0,0,0,0,0,0,0,0,1,0,0,0,0,0,0,3,,2,2,2,2,1,2,2,2,1,2,2,2,2,1,1,2,1,1,1,1,1,3,1,3,1,2,1,1,2,2,2,2,2,2,2,2,2,2,2,2,2,,,,,,,,,,,2,2,2,2,2,2,2,2,2,2,2,6,5,5,6,8,17,3,4,3,3,4,3,3,4,3,3,4,4,21,1
236,2,42,7,11,3,1,1,2,2,3,1,High,0,0,0,0,0,0,0,0,0,0,0,0,0,0,0,0,0,0,0,0,0,0,0,0,0,0,0,0,0,0,0,1,0,3,,1,1,1,4,4,4,4,3,4,3,2,1,4,4,2,2,1,1,2,1,2,4,2,3,1,3,3,2,1,2,2,2,2,2,2,2,2,2,2,2,2,,,,,,,,,,,2,2,2,2,2,2,2,2,2,2,2,3,12,11,6,14,24,1,1,1,3,2,2,1,1,2,3,2,2,11,1
237,2,51,9,13,3,1,1,2,2,6,2,Middle,0,0,0,0,0,0,0,0,0,0,0,0,0,0,0,0,0,0,0,0,0,0,0,0,0,0,1,0,0,0,0,0,0,9,,2,2,2,2,2,2,2,1,2,1,1,1,2,1,1,1,1,1,1,1,2,3,1,3,2,1,1,2,1,2,2,2,2,2,2,2,2,2,2,2,2,,,,,,,,,,,2,2,2,2,2,2,2,2,2,2,2,6,6,5,3,7,18,3,3,3,5,4,3,3,3,3,5,4,3,21,1
238,2,42,7,13,3,1,1,2,2,7,2,Middle,0,0,0,0,0,0,0,0,0,0,0,0,0,0,0,0,0,0,0,0,0,0,0,0,0,0,0,0,0,0,0,0,1,9,,1,1,1,1,1,1,1,1,3,1,2,1,3,2,1,3,1,1,1,1,2,3,3,4,1,2,1,1,4,2,2,2,2,2,2,2,2,2,2,2,2,,,,,,,,,,,2,2,2,2,2,2,2,2,2,2,2,3,3,5,4,11,23,1,5,3,4,3,2,1,5,3,4,3,3,19,1
239,2,49,8,11,3,2,2,3,2,2,2,Middle,0,0,0,0,0,0,0,0,0,0,0,0,0,0,0,0,0,0,0,0,0,0,0,0,0,0,1,0,0,0,0,0,0,4,,2,2,2,2,2,2,1,1,1,2,2,1,2,2,1,1,2,2,1,1,2,1,1,3,1,1,1,1,1,2,2,2,2,2,2,2,2,2,2,2,2,,,,,,,,,,,2,2,2,2,2,2,2,2,2,2,2,6,6,3,5,10,14,3,3,5,3,3,4,3,3,5,3,3,4,21,1
240,2,57,10,11,3,2,2,5,1,9,3,Low,0,0,0,0,0,0,0,0,0,0,0,0,0,0,0,0,0,0,0,0,0,0,0,0,0,0,1,0,0,0,0,0,0,10,,2,3,3,1,2,1,1,1,1,1,1,1,1,1,1,1,1,1,1,1,1,1,2,3,1,1,1,3,1,2,2,2,2,2,2,2,2,2,2,2,2,,,,,,,,,,,2,2,2,2,2,2,2,2,2,2,2,8,4,3,3,6,16,4,4,5,5,5,3,4,4,5,5,5,4,27,1
241,2,43,7,13,3,1,2,9,3,3,2,Middle,0,0,0,0,0,0,0,0,0,0,0,0,0,0,0,0,0,0,0,0,0,0,0,1,0,0,0,0,0,0,0,0,0,3,,2,2,2,2,2,2,2,2,2,2,2,2,2,2,2,2,2,2,2,2,2,2,2,3,2,2,2,2,2,2,2,2,2,2,2,2,2,2,2,2,2,,,,,,,,,,,2,2,2,2,2,2,2,2,2,2,2,6,6,6,6,12,23,3,3,3,3,3,2,3,3,3,3,3,3,18,1
242,2,50,9,13,3,2,2,6,3,3,2,Middle,0,0,0,0,0,0,0,0,0,0,0,0,0,0,0,0,0,0,0,0,0,0,0,0,0,0,0,0,0,0,0,0,1,3,,3,3,3,2,2,2,2,2,2,2,2,1,1,1,1,1,1,2,2,1,2,2,2,2,2,2,1,2,2,2,2,2,2,2,2,2,2,2,2,2,2,,,,,,,,,,,2,2,2,2,2,2,2,2,2,2,2,9,6,6,5,7,20,4,3,3,3,4,3,4,3,3,3,4,3,20,1
243,2,61,11,13,3,2,2,8,4,6,3,Low,0,0,0,0,0,0,0,0,0,0,0,0,0,0,0,0,0,0,0,0,0,0,0,0,0,0,0,0,0,0,0,1,0,8,,4,4,4,4,1,1,1,1,1,1,1,1,1,1,1,1,1,1,1,1,1,2,2,2,1,2,1,1,1,2,2,2,2,2,2,2,2,2,2,2,2,,,,,,,,,,,2,2,2,2,2,2,2,2,2,2,2,12,6,3,3,6,15,5,3,5,5,5,4,5,3,5,5,5,4,27,1
244,1,50,9,11,3,2,2,3,3,4,2,Middle,0,0,0,0,0,0,0,0,1,0,0,0,0,0,0,0,0,0,0,0,0,0,0,0,0,0,0,0,0,0,0,0,0,3,,3,3,3,2,2,2,2,2,2,2,2,2,2,2,2,2,2,2,2,2,2,2,2,2,2,2,2,2,2,2,2,2,2,2,2,,2,2,2,2,2,,,,,,,,,,,2,2,2,2,2,,2,2,2,2,2,9,6,6,6,12,22,4,3,3,3,3,2,4,3,3,3,3,3,18,1
245,1,65,11,11,3,1,2,1,1,7,3,Low,0,0,0,0,0,0,0,0,0,0,0,0,0,0,0,0,0,0,0,0,0,0,0,0,0,0,0,0,0,0,0,0,1,9,,4,4,4,1,1,1,1,1,1,1,1,1,1,1,1,1,1,1,1,1,1,1,2,2,1,1,1,1,1,2,2,2,2,2,2,,2,2,2,2,2,,,,,,,,,,,2,2,2,2,2,,2,2,2,2,2,12,3,3,3,6,13,5,5,5,5,5,4,5,5,5,5,5,5,29,1
246,1,29,4,13,3,1,1,1,1,9,3,Low,0,0,0,0,0,0,0,0,0,0,0,0,0,0,0,0,0,0,0,0,0,0,0,0,0,0,0,0,0,0,0,0,1,10,,2,2,3,1,1,1,1,1,1,1,1,1,1,1,1,1,1,1,1,1,1,1,1,1,1,1,1,1,1,2,2,2,2,2,2,,2,2,2,2,2,,,,,,,,,,,2,2,2,2,2,,2,2,2,2,2,7,3,3,3,6,11,3,5,5,5,5,5,3,5,5,5,5,5,28,1
247,1,29,4,12,3,1,1,10,10,5,1,High,0,0,0,0,0,0,0,0,0,0,0,0,0,0,0,0,0,0,0,0,0,0,0,0,0,0,0,0,0,0,0,0,1,1,,3,3,3,3,3,4,4,4,4,4,3,3,3,3,3,3,4,4,4,4,3,3,3,3,4,3,4,4,4,2,2,2,2,2,2,,2,2,2,2,2,,,,,,,,,,,2,2,2,2,2,,2,2,2,2,2,9,10,12,10,20,39,4,1,1,1,1,1,4,2,1,2,1,1,9,1
248,1,26,4,13,3,1,1,2,2,5,3,Low,0,0,0,0,0,0,0,0,0,0,0,1,0,0,0,0,0,0,0,0,0,0,0,0,0,0,0,0,0,0,0,0,0,3,,3,4,4,1,1,1,1,1,1,1,1,1,1,1,1,1,1,1,1,1,1,1,1,1,1,1,1,1,1,2,2,2,2,2,2,,2,2,2,2,2,,,,,,,,,,,2,2,2,2,2,,2,2,2,2,2,11,3,3,3,6,11,5,5,5,5,5,5,5,5,5,5,5,5,30,1
249,1,52,9,13,3,1,1,10,10,6,3,Low,0,0,0,0,0,0,0,0,0,0,0,0,0,0,0,0,0,0,0,0,0,0,0,0,0,0,1,0,0,0,0,0,0,8,,3,4,3,1,1,1,1,1,1,1,1,1,1,1,1,1,1,1,1,1,1,3,1,2,1,1,1,2,1,2,2,2,2,2,2,,2,2,2,2,2,,,,,,,,,,,2,2,2,2,2,,2,2,2,2,2,10,3,3,3,6,15,5,5,5,5,5,4,5,5,5,5,5,4,29,1
250,1,34,5,13,3,2,2,5,3,3,2,Middle,0,0,0,0,0,0,0,0,0,0,0,0,0,0,0,0,0,0,0,0,0,0,0,0,0,0,0,0,0,0,0,0,1,3,,3,3,3,2,2,2,3,3,2,2,2,2,2,2,2,2,2,2,1,1,1,2,3,3,1,1,1,1,2,2,2,2,2,2,2,,2,2,2,2,2,,,,,,,,,,,2,2,2,2,2,,2,2,2,2,2,9,6,8,6,12,17,4,3,2,3,3,3,4,3,3,3,3,4,18,1
251,1,33,5,13,3,1,1,2,1,3,2,Middle,0,0,0,0,0,0,0,0,0,0,0,0,0,0,0,0,0,0,0,0,0,0,0,0,0,0,0,0,0,0,0,0,1,5,,2,3,2,1,1,2,2,2,2,1,2,1,3,3,3,1,1,1,1,1,1,1,1,2,2,1,1,1,2,2,2,2,2,2,2,,2,2,2,2,2,,,,,,,,,,,2,2,2,2,2,,2,2,2,1,1,7,4,6,4,12,14,3,4,3,4,3,4,3,4,3,4,3,4,21,1
252,1,46,8,13,3,1,1,1,1,5,1,High,0,0,0,0,0,0,0,0,0,0,0,0,0,0,0,0,0,0,0,0,0,0,0,0,0,0,1,0,0,0,0,0,0,3,,1,1,1,4,4,4,4,4,4,4,4,4,4,4,3,4,2,4,2,1,4,4,4,4,3,2,2,2,1,2,2,2,2,2,2,,2,2,2,2,2,,,,,,,,,,,2,2,2,2,2,,2,2,2,1,2,3,12,12,12,21,29,1,1,1,1,1,1,1,1,1,1,1,2,6,1
253,1,42,7,13,3,1,1,3,3,5,2,Middle,0,0,0,0,0,0,0,0,0,0,0,0,0,0,0,0,0,0,0,0,0,0,0,0,0,0,1,0,0,0,0,0,0,3,,1,2,1,2,2,2,2,1,2,2,2,2,2,2,2,2,2,2,1,2,1,2,4,3,1,2,1,3,1,2,2,2,2,2,2,,2,2,2,2,2,,,,,,,,,,,2,2,2,2,2,,2,2,2,2,2,4,6,5,6,12,21,2,3,3,3,3,3,2,3,3,3,3,3,17,1
254,1,26,4,14,3,1,1,3,2,4,2,Middle,0,0,0,0,0,0,0,0,0,0,0,0,0,0,0,0,0,0,0,0,0,0,0,0,0,0,1,0,0,0,0,0,0,7,,3,1,2,1,3,2,2,2,2,2,2,1,3,1,2,2,2,2,2,2,1,3,2,2,2,1,1,3,2,2,2,2,2,2,2,,2,2,2,2,2,,,,,,,,,,,2,2,2,2,2,,2,2,2,2,2,6,6,6,5,12,21,3,3,3,3,3,3,3,3,3,3,3,3,18,1
255,1,47,8,13,3,2,2,5,4,4,2,Middle,0,0,0,0,0,0,0,0,1,0,0,0,0,0,0,0,0,0,0,0,0,0,0,0,0,0,0,0,0,0,0,0,0,3,,2,1,1,3,2,3,2,2,2,2,2,2,1,1,2,3,2,1,1,1,1,3,2,2,1,1,1,1,1,2,2,2,2,2,2,,2,2,2,2,2,,,,,,,,,,,2,2,2,2,2,,2,2,2,2,2,4,8,6,6,10,15,2,2,3,3,3,4,2,3,3,3,3,4,17,1
256,1,45,8,14,3,2,2,6,5,1,2,Middle,0,0,0,0,0,0,0,0,0,0,0,0,0,0,0,0,0,0,0,0,0,0,0,0,0,0,0,0,0,0,0,1,0,2,,3,2,3,2,3,3,3,1,2,2,3,3,2,2,2,2,1,1,1,1,1,1,1,2,1,1,1,1,1,2,2,2,2,2,2,,2,2,2,2,2,,,,,,,,,,,2,2,2,2,2,,2,2,2,2,2,8,8,6,8,10,12,4,2,3,2,3,4,4,3,3,2,3,5,18,1
257,1,43,7,13,3,1,1,3,3,4,1,High,0,0,0,0,0,0,0,0,0,0,0,0,0,0,0,0,0,0,0,0,0,0,0,0,0,0,0,0,1,0,0,0,0,3,,1,1,1,3,3,4,3,3,4,2,2,3,3,4,3,3,4,1,1,1,2,4,2,3,1,1,1,1,2,2,2,2,2,2,2,,2,2,2,2,2,,,,,,,,,,,2,2,2,2,2,,2,2,2,2,2,3,10,10,7,18,19,1,1,2,3,1,3,1,2,2,3,1,3,11,1
258,1,54,9,14,3,2,2,5,5,3,2,Middle,0,0,0,0,0,0,0,0,0,0,0,1,0,0,0,0,0,0,0,0,0,0,0,0,0,0,0,0,0,0,0,0,0,3,,1,1,2,2,2,2,2,2,2,2,3,2,2,2,2,2,1,2,1,1,1,1,2,2,1,1,1,2,2,2,2,2,2,2,2,,2,2,2,2,2,,,,,,,,,,,2,2,2,2,2,,2,2,2,2,2,4,6,6,7,11,15,2,3,3,3,3,4,2,3,3,3,3,4,18,1
259,1,58,10,13,3,2,2,6,4,4,2,Middle,0,0,0,0,0,0,0,0,0,0,0,0,0,0,0,0,0,0,0,0,0,1,0,0,0,0,0,0,0,0,0,0,0,3,,3,3,3,2,3,2,3,3,3,2,3,1,3,2,2,1,2,2,1,1,2,3,1,2,1,1,1,1,1,2,2,2,2,2,2,,2,2,2,2,2,,,,,,,,,,,2,2,2,2,2,,2,2,2,2,2,9,7,9,6,12,15,4,3,2,3,3,4,4,3,2,3,3,4,19,1
260,1,48,8,13,3,2,2,6,6,1,3,Low,0,0,0,0,0,0,0,0,0,0,0,0,0,0,0,0,0,0,0,0,0,0,0,0,0,0,0,0,0,0,0,1,0,2,,3,3,3,1,1,1,1,1,1,2,1,1,1,1,1,1,1,1,1,1,1,3,1,3,1,1,1,1,1,2,2,2,2,2,2,,2,2,2,2,2,,,,,,,,,,,2,2,2,2,2,,2,2,2,1,2,9,3,3,4,6,15,4,5,5,4,5,4,4,5,5,4,5,4,27,1
261,1,54,9,14,3,1,1,4,4,4,3,Low,0,0,0,0,0,0,0,0,0,0,0,0,0,0,0,0,0,0,0,0,0,0,0,0,0,0,0,0,0,0,0,0,1,3,,2,2,2,1,1,1,1,1,1,1,1,1,1,1,1,1,1,1,1,1,1,1,2,2,1,1,1,1,1,2,2,2,2,2,2,,2,2,2,2,2,,,,,,,,,,,2,2,2,2,2,,2,2,2,2,2,6,3,3,3,6,13,3,5,5,5,5,4,3,5,5,5,5,5,27,1
262,1,51,9,13,3,1,1,4,4,3,3,Low,0,0,0,0,0,0,0,0,0,0,0,0,0,0,0,0,0,0,0,0,0,0,0,0,0,0,1,0,0,0,0,0,0,3,,2,2,2,1,1,1,1,1,1,1,1,1,1,1,1,1,1,1,1,1,1,1,1,1,1,1,1,1,1,2,2,2,2,2,2,,2,2,2,2,2,,,,,,,,,,,2,2,2,2,2,,2,2,2,2,2,6,3,3,3,6,11,3,5,5,5,5,5,3,5,5,5,5,5,28,1
263,1,54,9,14,3,2,2,7,7,3,2,Middle,0,0,0,0,0,0,0,0,0,0,0,0,0,0,0,0,0,0,0,0,0,0,0,1,0,0,0,0,0,0,0,0,0,3,,2,2,2,2,2,2,3,3,2,2,2,2,2,2,2,2,2,2,2,2,2,2,2,2,2,2,1,1,1,2,2,2,2,2,2,,2,2,2,2,2,,,,,,,,,,,2,2,2,2,2,,2,2,2,2,2,6,6,8,6,12,19,3,3,2,3,3,3,3,3,3,3,3,3,17,1
264,1,37,6,12,3,2,2,5,5,4,2,Middle,0,1,0,0,0,0,0,0,0,0,0,0,0,0,0,0,0,0,0,0,0,0,0,0,0,0,0,0,0,0,0,0,0,3,,3,3,3,1,1,2,3,3,3,2,2,2,2,3,2,1,2,1,1,1,1,3,3,2,1,1,1,1,1,2,2,2,2,2,2,,2,2,2,2,2,,,,,,,,,,,2,2,2,2,2,,2,2,2,2,2,9,4,9,6,11,16,4,4,2,3,3,3,4,4,2,3,3,4,19,1
265,1,29,4,12,3,1,1,2,2,3,2,Middle,0,0,0,0,0,0,0,0,0,0,0,0,0,0,0,0,0,0,0,0,0,0,1,0,0,0,0,0,0,0,0,0,0,3,,3,2,2,2,2,2,1,1,2,1,2,2,1,2,2,2,2,2,2,4,3,3,4,2,3,3,3,3,2,2,2,2,2,2,2,,2,2,2,2,2,,,,,,,,,,,2,2,2,2,2,,2,2,2,2,2,7,6,4,5,11,32,3,3,4,3,3,1,3,3,4,3,3,1,17,1
266,1,33,5,11,3,1,1,3,3,5,3,Low,0,0,0,0,0,0,0,0,0,0,0,1,0,0,0,0,0,0,0,0,0,0,0,0,0,0,0,0,0,0,0,0,0,3,,2,2,2,1,1,1,1,1,1,1,1,1,1,1,1,1,1,1,1,1,1,1,1,1,1,1,1,1,1,2,2,2,2,2,2,,2,2,2,2,2,,,,,,,,,,,2,2,2,2,2,,2,2,2,2,2,6,3,3,3,6,11,3,5,5,5,5,5,3,5,5,5,5,5,28,1
267,1,40,7,14,3,1,1,3,3,3,3,Low,0,0,0,0,0,0,0,0,1,0,0,0,0,0,0,0,0,0,0,0,0,0,0,0,0,0,0,0,0,0,0,0,0,3,,2,2,2,1,2,1,2,1,1,1,1,1,1,1,1,1,1,1,1,1,1,1,1,1,1,1,1,1,1,2,2,2,2,2,2,,2,2,2,2,2,,,,,,,,,,,2,2,2,2,2,,2,2,2,2,2,6,4,4,3,6,11,3,4,4,5,5,5,3,4,4,5,5,5,26,1
268,1,44,7,13,3,2,2,3,3,5,3,Low,0,0,0,0,0,0,0,0,0,0,0,0,0,0,0,0,0,0,0,0,0,0,1,0,0,0,0,0,0,0,0,0,0,3,,1,3,2,2,2,1,1,1,1,1,1,1,1,1,1,1,1,1,1,1,1,1,1,1,1,1,1,1,1,2,2,2,2,2,2,,2,2,2,2,2,,,,,,,,,,,2,2,2,2,2,,2,2,2,2,2,6,5,3,3,6,11,3,4,5,5,5,5,3,4,5,5,5,5,27,1
269,1,31,5,14,3,1,1,5,5,3,3,Low,0,0,0,0,0,0,0,0,0,0,0,0,0,0,0,0,0,0,0,0,0,0,0,0,0,0,0,0,0,0,0,0,1,3,,4,4,3,1,1,1,1,1,1,2,2,1,1,1,1,1,1,1,1,1,1,1,1,2,1,1,1,1,1,2,2,2,2,2,2,,2,2,2,2,2,,,,,,,,,,,2,2,2,2,2,,2,2,2,2,2,11,3,3,5,6,12,5,5,5,3,5,4,5,5,5,3,5,5,27,1
270,1,39,6,11,3,2,2,2,2,5,1,High,0,0,0,0,0,0,0,0,0,0,0,0,0,0,0,0,0,0,0,0,1,0,0,0,0,0,0,0,0,0,0,0,0,3,,1,1,1,4,4,4,3,3,2,2,4,4,4,2,2,3,3,4,1,2,3,2,1,2,2,3,1,2,3,2,2,2,2,2,2,,2,2,2,2,2,,,,,,,,,,,2,2,2,2,2,,2,2,2,2,2,3,12,8,10,18,22,1,1,2,1,1,2,1,1,3,2,1,3,8,1
271,1,64,11,13,3,2,2,4,4,2,2,Middle,0,1,0,0,0,0,0,0,0,0,0,0,0,0,0,0,0,0,0,0,0,0,0,0,0,0,0,0,0,0,0,0,0,1,,2,2,2,2,2,2,2,1,2,2,2,1,3,2,2,2,2,1,1,1,1,1,1,3,1,1,1,3,2,2,2,2,2,2,2,,2,2,2,2,2,,,,,,,,,,,2,2,2,2,2,,2,2,2,2,2,6,6,5,5,12,16,3,3,3,3,3,3,3,3,3,3,3,4,18,1
272,1,36,6,13,3,1,1,2,2,4,2,Middle,0,0,0,0,0,0,0,0,0,0,0,0,0,0,0,0,0,0,0,0,0,0,0,0,0,0,0,0,1,0,0,0,0,3,,1,1,1,1,1,1,1,1,1,1,1,2,2,2,2,2,2,2,2,2,2,2,2,2,2,2,2,2,2,2,2,2,2,2,2,,2,2,2,2,2,,,,,,,,,,,2,2,2,2,2,,2,2,2,2,2,3,3,3,4,12,22,1,5,5,4,3,2,1,5,5,4,3,3,20,1
273,2,52,9,13,3,1,1,4,2,5,2,Middle,0,0,0,0,0,0,0,0,0,0,0,0,0,0,0,0,0,0,0,0,0,0,0,0,0,0,1,0,0,0,0,0,0,3,,1,1,1,1,1,1,1,1,2,1,2,2,2,2,2,2,1,1,2,1,2,3,3,2,2,2,1,2,3,2,2,2,2,2,2,2,2,2,2,2,2,,,,,,,,,,,2,2,2,2,2,2,2,2,2,1,2,3,3,4,5,10,23,1,5,4,3,3,2,1,5,4,3,3,3,19,1
274,2,50,9,13,3,2,2,3,1,9,2,Middle,0,0,0,0,0,0,0,0,0,0,0,0,0,0,0,0,0,0,0,0,0,0,0,0,0,0,0,0,0,0,0,0,1,10,,2,2,2,2,2,2,2,2,2,2,1,2,1,2,2,2,2,2,2,1,2,2,2,2,1,1,1,2,2,2,2,2,2,2,2,2,2,2,2,2,2,,,,,,,,,,,2,2,2,2,2,2,2,2,2,2,2,6,6,6,5,11,18,3,3,3,3,3,3,3,3,3,3,3,3,18,1
275,2,58,10,13,3,2,2,4,2,9,3,Low,0,0,0,0,0,0,0,0,0,0,0,0,0,0,0,0,0,0,0,0,0,1,0,0,0,0,0,0,0,0,0,0,0,10,,1,1,1,1,1,1,1,1,1,1,1,1,1,1,1,1,1,1,1,1,1,1,1,1,1,1,1,1,1,2,2,2,2,2,2,2,2,2,2,2,2,,,,,,,,,,,2,2,2,2,2,2,2,2,2,1,2,3,3,3,3,6,11,1,5,5,5,5,5,1,5,5,5,5,5,26,1
276,1,50,9,12,3,1,1,3,3,5,3,Low,0,0,0,0,0,0,0,0,0,0,0,1,0,0,0,0,0,0,0,0,0,0,0,0,0,0,0,0,0,0,0,0,0,3,,2,2,2,1,1,1,1,1,1,1,1,1,1,1,1,1,1,1,1,1,1,1,1,1,1,1,1,1,1,2,2,2,2,2,2,,2,2,2,2,2,,,,,,,,,,,2,2,2,2,2,,2,2,2,2,2,6,3,3,3,6,11,3,5,5,5,5,5,3,5,5,5,5,5,28,1
